Insert into JBGD.CUSTOMER (CUSTOMER_NO,CUSTOMER_ID,CUSTOMER_PWD,CUSTOMER_NAME,CUSTOMER_EMAIL,CUSTOMER_ADDR,CUSTOMER_PHONE,CUSTOMER_CRE_DATE,CUSTOMER_MOD_DATE,CUSTOMER_MONEY) values (1,'admin','admin','관리자','이메일','주소','000-0000-0000',to_date('19/10/10','RR/MM/DD'),to_date('19/10/10','RR/MM/DD'),0);
Insert into JBGD.CUSTOMER (CUSTOMER_NO,CUSTOMER_ID,CUSTOMER_PWD,CUSTOMER_NAME,CUSTOMER_EMAIL,CUSTOMER_ADDR,CUSTOMER_PHONE,CUSTOMER_CRE_DATE,CUSTOMER_MOD_DATE,CUSTOMER_MONEY) values (2,'jm2020','jm2020','전현우','james12@gmail.com','세종특별자치시 나성로 38 ','010-3553-7889',to_date('19/10/10','RR/MM/DD'),to_date('19/10/10','RR/MM/DD'),0);
Insert into JBGD.CUSTOMER (CUSTOMER_NO,CUSTOMER_ID,CUSTOMER_PWD,CUSTOMER_NAME,CUSTOMER_EMAIL,CUSTOMER_ADDR,CUSTOMER_PHONE,CUSTOMER_CRE_DATE,CUSTOMER_MOD_DATE,CUSTOMER_MONEY) values (3,'gksthf','gksthf12','장한솔','8263asd@naver.com','수원시 권성구 권성동 1048- 9번지','010-4263-8263',to_date('19/10/10','RR/MM/DD'),to_date('19/10/10','RR/MM/DD'),0);
Insert into JBGD.CUSTOMER (CUSTOMER_NO,CUSTOMER_ID,CUSTOMER_PWD,CUSTOMER_NAME,CUSTOMER_EMAIL,CUSTOMER_ADDR,CUSTOMER_PHONE,CUSTOMER_CRE_DATE,CUSTOMER_MOD_DATE,CUSTOMER_MONEY) values (4,'tomtom','tom9302','이솔','tomcat123@naver.com','경기도 성남시 분당구 중앙공원로39번길 49','010-4875-2337',to_date('19/10/10','RR/MM/DD'),to_date('19/10/10','RR/MM/DD'),0);
Insert into JBGD.CUSTOMER (CUSTOMER_NO,CUSTOMER_ID,CUSTOMER_PWD,CUSTOMER_NAME,CUSTOMER_EMAIL,CUSTOMER_ADDR,CUSTOMER_PHONE,CUSTOMER_CRE_DATE,CUSTOMER_MOD_DATE,CUSTOMER_MONEY) values (5,'죨디','jrd123','조르디','mushroom1@naver.com','서울시 강남구 카카오프렌즈숍 2층','010-2624-3769',to_date('19/10/29','RR/MM/DD'),to_date('19/10/29','RR/MM/DD'),0);
Insert into JBGD.CUSTOMER (CUSTOMER_NO,CUSTOMER_ID,CUSTOMER_PWD,CUSTOMER_NAME,CUSTOMER_EMAIL,CUSTOMER_ADDR,CUSTOMER_PHONE,CUSTOMER_CRE_DATE,CUSTOMER_MOD_DATE,CUSTOMER_MONEY) values (6,'trabia7','palermo7','이종건','trabia777@daum.net','서울특별시광진구아차산로243','010-7335-4080',to_date('19/11/04','RR/MM/DD'),to_date('19/11/04','RR/MM/DD'),0);
Insert into JBGD.CUSTOMER (CUSTOMER_NO,CUSTOMER_ID,CUSTOMER_PWD,CUSTOMER_NAME,CUSTOMER_EMAIL,CUSTOMER_ADDR,CUSTOMER_PHONE,CUSTOMER_CRE_DATE,CUSTOMER_MOD_DATE,CUSTOMER_MONEY) values (7,'domm67','dompist99','정다돔','dompist33@gmail.com','서울특별시종로구세종대로145-2','010-6615-9339',to_date('19/11/04','RR/MM/DD'),to_date('19/11/04','RR/MM/DD'),0);
Insert into JBGD.CUSTOMER (CUSTOMER_NO,CUSTOMER_ID,CUSTOMER_PWD,CUSTOMER_NAME,CUSTOMER_EMAIL,CUSTOMER_ADDR,CUSTOMER_PHONE,CUSTOMER_CRE_DATE,CUSTOMER_MOD_DATE,CUSTOMER_MONEY) values (8,'rlfghks35','rlarlfghks123','김길환','rlarlfghks123@yahoo.com','서울특별시마포구월드컵로251','010-7579-8993',to_date('19/11/04','RR/MM/DD'),to_date('19/11/04','RR/MM/DD'),0);

Insert into JBGD.BOARD (BOARD_NO,BOARD_TITLE,BOARD_CONTENT,BOARD_CRE_DATE,BOARD_MOD_DATE,BOARD_ORIGINAL_IMG,BOARD_STORED_IMG,BOARD_IMG_SIZE,BOARD_VIEW_COUNT,CUSTOMER_NO) values (3,'어제 저녁에...','어제 저녁에 전역함 ㅎ',to_date('19/10/29','RR/MM/DD'),to_date('19/10/29','RR/MM/DD'),null,null,0,1,3);
Insert into JBGD.BOARD (BOARD_NO,BOARD_TITLE,BOARD_CONTENT,BOARD_CRE_DATE,BOARD_MOD_DATE,BOARD_ORIGINAL_IMG,BOARD_STORED_IMG,BOARD_IMG_SIZE,BOARD_VIEW_COUNT,CUSTOMER_NO) values (4,'요즘 강남역에서..','강남역에 디저트카페 아시는분 지금 강남인데 어디가야하는지 모르겠음 ㅠ',to_date('19/10/29','RR/MM/DD'),to_date('19/10/29','RR/MM/DD'),null,null,0,1,3);
Insert into JBGD.BOARD (BOARD_NO,BOARD_TITLE,BOARD_CONTENT,BOARD_CRE_DATE,BOARD_MOD_DATE,BOARD_ORIGINAL_IMG,BOARD_STORED_IMG,BOARD_IMG_SIZE,BOARD_VIEW_COUNT,CUSTOMER_NO) values (5,'여기 디저트에 빠지다 ','여기 판매 써보심? 에그타르트 개쌈 님들도 드셔보셈 ㅎㅎㅎㅎㅎㅎ^^ ><',to_date('19/10/29','RR/MM/DD'),to_date('19/10/29','RR/MM/DD'),null,null,0,2,3);
Insert into JBGD.BOARD (BOARD_NO,BOARD_TITLE,BOARD_CONTENT,BOARD_CRE_DATE,BOARD_MOD_DATE,BOARD_ORIGINAL_IMG,BOARD_STORED_IMG,BOARD_IMG_SIZE,BOARD_VIEW_COUNT,CUSTOMER_NO) values (6,'몽블랑하니깐','리그오브레전드 가렌생각남 ㅎ',to_date('19/10/29','RR/MM/DD'),to_date('19/10/29','RR/MM/DD'),null,null,0,1,4);
Insert into JBGD.BOARD (BOARD_NO,BOARD_TITLE,BOARD_CONTENT,BOARD_CRE_DATE,BOARD_MOD_DATE,BOARD_ORIGINAL_IMG,BOARD_STORED_IMG,BOARD_IMG_SIZE,BOARD_VIEW_COUNT,CUSTOMER_NO) values (7,'제가 시 하나 지어옴 한번 봐주셈 ㅎ^^','                                         어둠의다크에서 죽음의데스를 느끼며...
                                    서쪽웨스트에서 불어오는 바람의윈드가 나를 hit했다
                                    
                                             그것은!       운명의데스티니 

                                       그는 인생의라이프를 끝내기 위해 디앤드
                                    모든것을 옭아매는 폭풍같은  스톰에서 벗어나기위해
                                       결국 자신 스스로를 죽음의데스로 몰아갔다
                                   후에 전설의 레전드로써 기억에 메모리 -기적에미라클
                                         길이길이 가슴속하트에 기억될 리멤버
                                          ',to_date('19/10/29','RR/MM/DD'),to_date('19/10/29','RR/MM/DD'),null,null,0,2,4);
Insert into JBGD.BOARD (BOARD_NO,BOARD_TITLE,BOARD_CONTENT,BOARD_CRE_DATE,BOARD_MOD_DATE,BOARD_ORIGINAL_IMG,BOARD_STORED_IMG,BOARD_IMG_SIZE,BOARD_VIEW_COUNT,CUSTOMER_NO) values (8,'하남 디저트 맛집 공유좀요 ㅎ','제가 오늘 하남에가는데 친구랑 마실거 마시며 디저트를 먹으려고하는데 어디가 좋을까요?',to_date('19/10/29','RR/MM/DD'),to_date('19/10/29','RR/MM/DD'),null,null,0,1,4);
Insert into JBGD.BOARD (BOARD_NO,BOARD_TITLE,BOARD_CONTENT,BOARD_CRE_DATE,BOARD_MOD_DATE,BOARD_ORIGINAL_IMG,BOARD_STORED_IMG,BOARD_IMG_SIZE,BOARD_VIEW_COUNT,CUSTOMER_NO) values (9,'라면','님들아 라면은 디저트임????
솔직히 밥먹고 라면 먹으면 개이득각?',to_date('19/10/29','RR/MM/DD'),to_date('19/10/29','RR/MM/DD'),null,null,0,0,4);
Insert into JBGD.BOARD (BOARD_NO,BOARD_TITLE,BOARD_CONTENT,BOARD_CRE_DATE,BOARD_MOD_DATE,BOARD_ORIGINAL_IMG,BOARD_STORED_IMG,BOARD_IMG_SIZE,BOARD_VIEW_COUNT,CUSTOMER_NO) values (10,'이글은 너굴맨이 처리했으니 안심해','너굴너굴',to_date('19/10/29','RR/MM/DD'),to_date('19/10/29','RR/MM/DD'),null,null,0,3,4);
Insert into JBGD.BOARD (BOARD_NO,BOARD_TITLE,BOARD_CONTENT,BOARD_CRE_DATE,BOARD_MOD_DATE,BOARD_ORIGINAL_IMG,BOARD_STORED_IMG,BOARD_IMG_SIZE,BOARD_VIEW_COUNT,CUSTOMER_NO) values (11,'진짜 이런글 안쓰려고했는데....','이 사이트에서 에그타르트 시켰는데 벽돌옴 ㅠ',to_date('19/10/29','RR/MM/DD'),to_date('19/10/29','RR/MM/DD'),null,null,0,6,4);
Insert into JBGD.BOARD (BOARD_NO,BOARD_TITLE,BOARD_CONTENT,BOARD_CRE_DATE,BOARD_MOD_DATE,BOARD_ORIGINAL_IMG,BOARD_STORED_IMG,BOARD_IMG_SIZE,BOARD_VIEW_COUNT,CUSTOMER_NO) values (12,'님들 민트쵸코앎?','죠르디가 민트색임 ㅎ 사실 그위에있는 버섯이 죠.르.디.이 임 ㅎ',to_date('19/10/29','RR/MM/DD'),to_date('19/10/29','RR/MM/DD'),null,null,0,7,4);
Insert into JBGD.BOARD (BOARD_NO,BOARD_TITLE,BOARD_CONTENT,BOARD_CRE_DATE,BOARD_MOD_DATE,BOARD_ORIGINAL_IMG,BOARD_STORED_IMG,BOARD_IMG_SIZE,BOARD_VIEW_COUNT,CUSTOMER_NO) values (1,'님들 어제 그거 먹어보심?','어제 에그타르트 먹었는데 너무 맜있구 ㅎ',to_date('19/10/29','RR/MM/DD'),to_date('19/10/29','RR/MM/DD'),null,null,0,2,1);
Insert into JBGD.BOARD (BOARD_NO,BOARD_TITLE,BOARD_CONTENT,BOARD_CRE_DATE,BOARD_MOD_DATE,BOARD_ORIGINAL_IMG,BOARD_STORED_IMG,BOARD_IMG_SIZE,BOARD_VIEW_COUNT,CUSTOMER_NO) values (2,'「에그타르트 보단 역시 몽블랑이지','난 어제 르블랑 함 ㅎ',to_date('19/10/29','RR/MM/DD'),to_date('19/10/29','RR/MM/DD'),null,null,0,3,2);

Insert into JBGD.REPLY (REPLY_NO,REPLY_CONTENT,REPLY_CRE_DATE,CUSTOMER_NO,BOARD_NO) values (3,'ㅈ같다.',to_date('19/10/30','RR/MM/DD'),2,7);
Insert into JBGD.REPLY (REPLY_NO,REPLY_CONTENT,REPLY_CRE_DATE,CUSTOMER_NO,BOARD_NO) values (5,'d',to_date('19/10/30','RR/MM/DD'),2,12);
Insert into JBGD.REPLY (REPLY_NO,REPLY_CONTENT,REPLY_CRE_DATE,CUSTOMER_NO,BOARD_NO) values (6,'d',to_date('19/10/30','RR/MM/DD'),2,12);
Insert into JBGD.REPLY (REPLY_NO,REPLY_CONTENT,REPLY_CRE_DATE,CUSTOMER_NO,BOARD_NO) values (8,'앙 다됬다',to_date('19/10/30','RR/MM/DD'),2,11);
Insert into JBGD.REPLY (REPLY_NO,REPLY_CONTENT,REPLY_CRE_DATE,CUSTOMER_NO,BOARD_NO) values (9,'ㅁㄴㅇㅁㄴㅇ',to_date('19/10/30','RR/MM/DD'),2,10);
Insert into JBGD.REPLY (REPLY_NO,REPLY_CONTENT,REPLY_CRE_DATE,CUSTOMER_NO,BOARD_NO) values (10,'ㅊㅋ',to_date('19/10/30','RR/MM/DD'),2,3);

Insert into JBGD.ITEM (ITEM_NO,ITEM_NAME,ITEM_PRICE,ITEM_STOCK,ITEM_CONTENT,ITEM_CRE_DATE,ITEM_MOD_DATE,ITEM_VIEW_COUNT,ITEM_SOLD_COUNT,ITEM_STATE) values (9,'파베 초콜릿',9000,150,'파베초콜릿에 대한 설명 - 파베초콜릿에 대한 설명 - 파베초콜릿에 대한 설명 - 파베초콜릿에 대한 설명 - 파베초콜릿에 대한 설명 - 파베초콜릿에 대한 설명 - 파베초콜릿에 대한 설명 - 파베초콜릿에 대한 설명 - 파베초콜릿에 대한 설명 - 파베초콜릿에 대한 설명 - 파베초콜릿에 대한 설명 - 파베초콜릿에 대한 설명 - 파베초콜릿에 대한 설명 - 파베초콜릿에 대한 설명 - 파베초콜릿에 대한 설명 - 파베초콜릿에 대한 설명 - 파베초콜릿에 대한 설명 - 파베초콜릿에 대한 설명 - 파베초콜릿에 대한 설명 - 파베초콜릿에 대한 설명 - 파베초콜릿에 대한 설명 - 파베초콜릿에 대한 설명 - 파베초콜릿에 대한 설명 - 파베초콜릿에 대한 설명 - 파베초콜릿에 대한 설명 - 파베초콜릿에 대한 설명 - 파베초콜릿에 대한 설명 - 파베초콜릿에 대한 설명 - 파베초콜릿에 대한 설명 - 파베초콜릿에 대한 설명 - 파베초콜릿에 대한 설명 - 파베초콜릿에 대한 설명 - 파베초콜릿에 대한 설명 - 파베초콜릿에 대한 설명 - 파베초콜릿에 대한 설명 - 파베초콜릿에 대한 설명 - 파베초콜릿에 대한 설명 - 파베초콜릿에 대한 설명 - ',to_date('19/10/30','RR/MM/DD'),to_date('19/10/30','RR/MM/DD'),2,0,'활성화');
Insert into JBGD.ITEM (ITEM_NO,ITEM_NAME,ITEM_PRICE,ITEM_STOCK,ITEM_CONTENT,ITEM_CRE_DATE,ITEM_MOD_DATE,ITEM_VIEW_COUNT,ITEM_SOLD_COUNT,ITEM_STATE) values (21,'밤양갱',4000,121,'밤양갱에대한 설명밤양갱에대한 설명 밤양갱에대한 설명 밤양갱에대한 설명 밤양갱에대한 설명 밤양갱에대한 설명 밤양갱에대한 설명 밤양갱에대한 설명 밤양갱에대한 설명 밤양갱에대한 설명 밤양갱에대한 설명 밤양갱에대한 설명 밤양갱에대한 설명 밤양갱에대한 설명 밤양갱에대한 설명 밤양갱에대한 설명 밤양갱에대한 설명 밤양갱에대한 설명 밤양갱에대한 설명 밤양갱에대한 설명 밤양갱에대한 설명 밤양갱에대한 설명 밤양갱에대한 설명 밤양갱에대한 설명 밤양갱에대한 설명 밤양갱에대한 설명 밤양갱에대한 설명 밤양갱에대한 설명 밤양갱에대한 설명 밤양갱에대한 설명 밤양갱에대한 설명 밤양갱에대한 설명 밤양갱에대한 설명 밤양갱에대한 설명 밤양갱에대한 설명 밤양갱에대한 설명 밤양갱에대한 설명 밤양갱에대한 설명 밤양갱에대한 설명 밤양갱에대한 설명 밤양갱에대한 설명 밤양갱에대한 설명 밤양갱에대한 설명 밤양갱에대한 설명 밤양갱에대한 설명 밤양갱에대한 설명 밤양갱에대한 설명 밤양갱에대한 설명 밤양갱에대한 설명 밤양갱에대한 설명 밤양갱에대한 설명 밤양갱에대한 설명 밤양갱에대한 설명 밤양갱에대한 설명 밤양갱에대한 설명 밤양갱에대한 설명 밤양갱에대한 설명 밤양갱에대한 설명 밤양갱에대한 설명 밤양갱에대한 설명 밤양갱에대한 설명 밤양갱에대한 설명 밤양갱에대한 설명 밤양갱에대한 설명 밤양갱에대한 설명',to_date('19/11/04','RR/MM/DD'),to_date('19/11/04','RR/MM/DD'),0,0,'활성화');
Insert into JBGD.ITEM (ITEM_NO,ITEM_NAME,ITEM_PRICE,ITEM_STOCK,ITEM_CONTENT,ITEM_CRE_DATE,ITEM_MOD_DATE,ITEM_VIEW_COUNT,ITEM_SOLD_COUNT,ITEM_STATE) values (22,'Turky''s jelly',5500,340,'터키 젤리에 관한 설명 터키 젤리에 관한 설명 터키 젤리에 관한 설명 터키 젤리에 관한 설명 터키 젤리에 관한 설명 터키 젤리에 관한 설명 터키 젤리에 관한 설명 터키 젤리에 관한 설명 터키 젤리에 관한 설명 터키 젤리에 관한 설명 터키 젤리에 관한 설명 터키 젤리에 관한 설명 터키 젤리에 관한 설명 터키 젤리에 관한 설명 터키 젤리에 관한 설명 터키 젤리에 관한 설명 터키 젤리에 관한 설명 터키 젤리에 관한 설명 터키 젤리에 관한 설명 터키 젤리에 관한 설명 터키 젤리에 관한 설명 터키 젤리에 관한 설명 터키 젤리에 관한 설명 터키 젤리에 관한 설명 터키 젤리에 관한 설명 터키 젤리에 관한 설명 터키 젤리에 관한 설명 터키 젤리에 관한 설명 Turky jelly',to_date('19/11/04','RR/MM/DD'),to_date('19/11/04','RR/MM/DD'),0,0,'활성화');
Insert into JBGD.ITEM (ITEM_NO,ITEM_NAME,ITEM_PRICE,ITEM_STOCK,ITEM_CONTENT,ITEM_CRE_DATE,ITEM_MOD_DATE,ITEM_VIEW_COUNT,ITEM_SOLD_COUNT,ITEM_STATE) values (23,'외로워도 슬퍼드 나는 안울어',1000,1300,'사탕에 대한 설명 및 배경사탕에 대한 설명 및 배경사탕에 대한 설명 및 배경사탕에 대한 설명 및 배경사탕에 대한 설명 및 배경사탕에 대한 설명 및 배경사탕에 대한 설명 및 배경사탕에 대한 설명 및 배경사탕에 대한 설명 및 배경사탕에 대한 설명 및 배경사탕에 대한 설명 및 배경사탕에 대한 설명 및 배경사탕에 대한 설명 및 배경사탕에 대한 설명 및 배경사탕에 대한 설명 및 배경사탕에 대한 설명 및 배경사탕에 대한 설명 및 배경사탕에 대한 설명 및 배경사탕에 대한 설명 및 배경사탕에 대한 설명 및 배경사탕에 대한 설명 및 배경사탕에 대한 설명 및 배경사탕에 대한 설명 및 배경사탕에 대한 설명 및 배경사탕에 대한 설명 및 배경사탕에 대한 설명 및 배경사탕에 대한 설명 및 배경사탕에 대한 설명 및 배경사탕에 대한 설명 및 배경사탕에 대한 설명 및 배경사탕에 대한 설명 및 배경사탕에 대한 설명 및 배경사탕에 대한 설명 및 배경사탕에 대한 설명 및 배경사탕에 대한 설명 및 배경사탕에 대한 설명 및 배경사탕에 대한 설명 및 배경사탕에 대한 설명 및 배경사탕에 대한 설명 및 배경사탕에 대한 설명 및 배경사탕에 대한 설명 및 배경사탕에 대한 설명 및 배경사탕에 대한 설명 및 배경사탕에 대한 설명 및 배경사탕에 대한 설명 및 배경사탕에 대한 설명 및 배경사탕에 대한 설명 및 배경사탕에 대한 설명 및 배경',to_date('19/11/04','RR/MM/DD'),to_date('19/11/04','RR/MM/DD'),0,0,'활성화');
Insert into JBGD.ITEM (ITEM_NO,ITEM_NAME,ITEM_PRICE,ITEM_STOCK,ITEM_CONTENT,ITEM_CRE_DATE,ITEM_MOD_DATE,ITEM_VIEW_COUNT,ITEM_SOLD_COUNT,ITEM_STATE) values (24,'Jelly',1500,400,'젤리에 대한 설명 및 배경젤리에 대한 설명 및 배경젤리에 대한 설명 및 배경젤리에 대한 설명 및 배경젤리에 대한 설명 및 배경젤리에 대한 설명 및 배경젤리에 대한 설명 및 배경젤리에 대한 설명 및 배경젤리에 대한 설명 및 배경젤리에 대한 설명 및 배경젤리에 대한 설명 및 배경젤리에 대한 설명 및 배경젤리에 대한 설명 및 배경젤리에 대한 설명 및 배경젤리에 대한 설명 및 배경젤리에 대한 설명 및 배경젤리에 대한 설명 및 배경젤리에 대한 설명 및 배경젤리에 대한 설명 및 배경젤리에 대한 설명 및 배경젤리에 대한 설명 및 배경젤리에 대한 설명 및 배경젤리에 대한 설명 및 배경젤리에 대한 설명 및 배경젤리에 대한 설명 및 배경젤리에 대한 설명 및 배경젤리에 대한 설명 및 배경젤리에 대한 설명 및 배경젤리에 대한 설명 및 배경젤리에 대한 설명 및 배경젤리에 대한 설명 및 배경젤리에 대한 설명 및 배경젤리에 대한 설명 및 배경젤리에 대한 설명 및 배경젤리에 대한 설명 및 배경젤리에 대한 설명 및 배경젤리에 대한 설명 및 배경젤리에 대한 설명 및 배경젤리에 대한 설명 및 배경젤리에 대한 설명 및 배경젤리에 대한 설명 및 배경젤리에 대한 설명 및 배경젤리에 대한 설명 및 배경젤리에 대한 설명 및 배경젤리에 대한 설명 및 배경젤리에 대한 설명 및 배경젤리에 대한 설명 및 배경젤리에 대한 설명 및 배경젤리에 대한 설명 및 배경젤리에 대한 설명 및 배경젤리에 대한 설명 및 배경젤리에 대한 설명 및 배경젤리에 대한 설명 및 배경젤리에 대한 설명 및 배경젤리에 대한 설명 및 배경젤리에 대한 설명 및 배경젤리에 대한 설명 및 배경젤리에 대한 설명 및 배경젤리에 대한 설명 및 배경젤리에 대한 설명 및 배경젤리에 대한 설명 및 배경젤리에 대한 설명 및 배경젤리에 대한 설명 및 배경젤리에 대한 설명 및 배경',to_date('19/11/04','RR/MM/DD'),to_date('19/11/04','RR/MM/DD'),0,0,'활성화');
Insert into JBGD.ITEM (ITEM_NO,ITEM_NAME,ITEM_PRICE,ITEM_STOCK,ITEM_CONTENT,ITEM_CRE_DATE,ITEM_MOD_DATE,ITEM_VIEW_COUNT,ITEM_SOLD_COUNT,ITEM_STATE) values (25,'한국식 뻥튀기',2500,700,'
뻥튀기에 대한 설명
뻥튀기에 대한 설명뻥튀기에 대한 설명뻥튀기에 대한 설명
뻥튀기에 대한 설명
뻥튀기에 대한 설명
뻥튀기에 대한 설명
뻥튀기에 대한 설명
뻥튀기에 대한 설명
뻥튀기에 대한 설명
뻥튀기에 대한 설명
뻥튀기에 대한 설명
뻥튀기에 대한 설명
뻥튀기에 대한 설명
뻥튀기에 대한 설명
뻥튀기에 대한 설명
뻥튀기에 대한 설명
뻥튀기에 대한 설명
뻥튀기에 대한 설명
뻥튀기에 대한 설명
뻥튀기에 대한 설명
뻥튀기에 대한 설명
뻥튀기에 대한 설명
뻥튀기에 대한 설명
뻥튀기에 대한 설명
뻥튀기에 대한 설명
뻥튀기에 대한 설명',to_date('19/11/04','RR/MM/DD'),to_date('19/11/04','RR/MM/DD'),0,0,'활성화');
Insert into JBGD.ITEM (ITEM_NO,ITEM_NAME,ITEM_PRICE,ITEM_STOCK,ITEM_CONTENT,ITEM_CRE_DATE,ITEM_MOD_DATE,ITEM_VIEW_COUNT,ITEM_SOLD_COUNT,ITEM_STATE) values (26,'Doughnut(도넛)',3000,550,'도넛이 만들어진 계기도넛이 만들어진 계기도넛이 만들어진 계기도넛이 만들어진 계기도넛이 만들어진 계기도넛이 만들어진 계기도넛이 만들어진 계기도넛이 만들어진 계기도넛이 만들어진 계기도넛이 만들어진 계기도넛이 만들어진 계기도넛이 만들어진 계기도넛이 만들어진 계기도넛이 만들어진 계기도넛이 만들어진 계기도넛이 만들어진 계기도넛이 만들어진 계기도넛이 만들어진 계기도넛이 만들어진 계기도넛이 만들어진 계기도넛이 만들어진 계기도넛이 만들어진 계기도넛이 만들어진 계기도넛이 만들어진 계기도넛이 만들어진 계기도넛이 만들어진 계기도넛이 만들어진 계기도넛이 만들어진 계기도넛이 만들어진 계기도넛이 만들어진 계기도넛이 만들어진 계기도넛이 만들어진 계기도넛이 만들어진 계기도넛이 만들어진 계기도넛이 만들어진 계기도넛이 만들어진 계기도넛이 만들어진 계기도넛이 만들어진 계기도넛이 만들어진 계기도넛이 만들어진 계기도넛이 만들어진 계기도넛이 만들어진 계기도넛이 만들어진 계기도넛이 만들어진 계기도넛이 만들어진 계기도넛이 만들어진 계기도넛이 만들어진 계기도넛이 만들어진 계기도넛이 만들어진 계기도넛이 만들어진 계기도넛이 만들어진 계기도넛이 만들어진 계기도넛이 만들어진 계기도넛이 만들어진 계기도넛이 만들어진 계기도넛이 만들어진 계기도넛이 만들어진 계기도넛이 만들어진 계기도넛이 만들어진 계기도넛이 만들어진 계기도넛이 만들어진 계기도넛이 만들어진 계기도넛이 만들어진 계기도넛이 만들어진 계기도넛이 만들어진 계기도넛이 만들어진 계기도넛이 만들어진 계기도넛이 만들어진 계기도넛이 만들어진 계기도넛이 만들어진 계기도넛이 만들어진 계기도넛이 만들어진 계기도넛이 만들어진 계기도넛이 만들어진 계기도넛이 만들어진 계기도넛이 만들어진 계기도넛이 만들어진 계기도넛이 만들어진 계기도넛이 만들어진 계기도넛이 만들어진 계기도넛이 만들어진 계기도넛이 만들어진 계기도넛이 만들어진 계기도넛이 만들어진 계기도넛이 만들어진 계기도넛이 만들어진 계기도넛이 만들어진 계기도넛이 만들어진 계기도넛이 만들어진 계기도넛이 만들어진 계기도넛이 만들어진 계기',to_date('19/11/04','RR/MM/DD'),to_date('19/11/04','RR/MM/DD'),0,0,'활성화');
Insert into JBGD.ITEM (ITEM_NO,ITEM_NAME,ITEM_PRICE,ITEM_STOCK,ITEM_CONTENT,ITEM_CRE_DATE,ITEM_MOD_DATE,ITEM_VIEW_COUNT,ITEM_SOLD_COUNT,ITEM_STATE) values (27,'케이크',25000,53,'케이크에 대한 설명케이크에 대한 설명케이크에 대한 설명케이크에 대한 설명케이크에 대한 설명케이크에 대한 설명케이크에 대한 설명케이크에 대한 설명케이크에 대한 설명케이크에 대한 설명케이크에 대한 설명케이크에 대한 설명케이크에 대한 설명케이크에 대한 설명케이크에 대한 설명케이크에 대한 설명케이크에 대한 설명케이크에 대한 설명케이크에 대한 설명케이크에 대한 설명케이크에 대한 설명케이크에 대한 설명케이크에 대한 설명케이크에 대한 설명케이크에 대한 설명케이크에 대한 설명케이크에 대한 설명케이크에 대한 설명케이크에 대한 설명케이크에 대한 설명케이크에 대한 설명케이크에 대한 설명케이크에 대한 설명케이크에 대한 설명케이크에 대한 설명케이크에 대한 설명케이크에 대한 설명케이크에 대한 설명케이크에 대한 설명케이크에 대한 설명케이크에 대한 설명케이크에 대한 설명케이크에 대한 설명케이크에 대한 설명케이크에 대한 설명케이크에 대한 설명케이크에 대한 설명케이크에 대한 설명케이크에 대한 설명케이크에 대한 설명케이크에 대한 설명케이크에 대한 설명케이크에 대한 설명케이크에 대한 설명케이크에 대한 설명케이크에 대한 설명케이크에 대한 설명케이크에 대한 설명케이크에 대한 설명',to_date('19/11/04','RR/MM/DD'),to_date('19/11/04','RR/MM/DD'),0,0,'활성화');
Insert into JBGD.ITEM (ITEM_NO,ITEM_NAME,ITEM_PRICE,ITEM_STOCK,ITEM_CONTENT,ITEM_CRE_DATE,ITEM_MOD_DATE,ITEM_VIEW_COUNT,ITEM_SOLD_COUNT,ITEM_STATE) values (28,'Cup cake(컵케이크)',3750,93,'컵케이크에 대한 설명컵케이크에 대한 설명컵케이크에 대한 설명컵케이크에 대한 설명컵케이크에 대한 설명컵케이크에 대한 설명컵케이크에 대한 설명컵케이크에 대한 설명컵케이크에 대한 설명컵케이크에 대한 설명컵케이크에 대한 설명컵케이크에 대한 설명컵케이크에 대한 설명컵케이크에 대한 설명컵케이크에 대한 설명컵케이크에 대한 설명컵케이크에 대한 설명컵케이크에 대한 설명컵케이크에 대한 설명컵케이크에 대한 설명컵케이크에 대한 설명컵케이크에 대한 설명컵케이크에 대한 설명컵케이크에 대한 설명컵케이크에 대한 설명컵케이크에 대한 설명컵케이크에 대한 설명컵케이크에 대한 설명컵케이크에 대한 설명컵케이크에 대한 설명컵케이크에 대한 설명컵케이크에 대한 설명컵케이크에 대한 설명컵케이크에 대한 설명컵케이크에 대한 설명컵케이크에 대한 설명컵케이크에 대한 설명컵케이크에 대한 설명컵케이크에 대한 설명컵케이크에 대한 설명컵케이크에 대한 설명컵케이크에 대한 설명컵케이크에 대한 설명컵케이크에 대한 설명컵케이크에 대한 설명컵케이크에 대한 설명컵케이크에 대한 설명컵케이크에 대한 설명컵케이크에 대한 설명컵케이크에 대한 설명컵케이크에 대한 설명컵케이크에 대한 설명컵케이크에 대한 설명컵케이크에 대한 설명컵케이크에 대한 설명컵케이크에 대한 설명컵케이크에 대한 설명컵케이크에 대한 설명컵케이크에 대한 설명컵케이크에 대한 설명컵케이크에 대한 설명컵케이크에 대한 설명컵케이크에 대한 설명컵케이크에 대한 설명컵케이크에 대한 설명컵케이크에 대한 설명컵케이크에 대한 설명컵케이크에 대한 설명컵케이크에 대한 설명컵케이크에 대한 설명',to_date('19/11/04','RR/MM/DD'),to_date('19/11/04','RR/MM/DD'),1,0,'활성화');
Insert into JBGD.ITEM (ITEM_NO,ITEM_NAME,ITEM_PRICE,ITEM_STOCK,ITEM_CONTENT,ITEM_CRE_DATE,ITEM_MOD_DATE,ITEM_VIEW_COUNT,ITEM_SOLD_COUNT,ITEM_STATE) values (29,'푸딩(Pudding)',2750,429,'푸딩에 대한 상세 설명푸딩에 대한 상세 설명푸딩에 대한 상세 설명푸딩에 대한 상세 설명푸딩에 대한 상세 설명푸딩에 대한 상세 설명푸딩에 대한 상세 설명푸딩에 대한 상세 설명푸딩에 대한 상세 설명푸딩에 대한 상세 설명푸딩에 대한 상세 설명푸딩에 대한 상세 설명푸딩에 대한 상세 설명푸딩에 대한 상세 설명푸딩에 대한 상세 설명푸딩에 대한 상세 설명푸딩에 대한 상세 설명푸딩에 대한 상세 설명푸딩에 대한 상세 설명푸딩에 대한 상세 설명푸딩에 대한 상세 설명푸딩에 대한 상세 설명푸딩에 대한 상세 설명푸딩에 대한 상세 설명푸딩에 대한 상세 설명푸딩에 대한 상세 설명푸딩에 대한 상세 설명푸딩에 대한 상세 설명푸딩에 대한 상세 설명푸딩에 대한 상세 설명푸딩에 대한 상세 설명푸딩에 대한 상세 설명푸딩에 대한 상세 설명푸딩에 대한 상세 설명푸딩에 대한 상세 설명푸딩에 대한 상세 설명푸딩에 대한 상세 설명푸딩에 대한 상세 설명푸딩에 대한 상세 설명푸딩에 대한 상세 설명푸딩에 대한 상세 설명푸딩에 대한 상세 설명푸딩에 대한 상세 설명푸딩에 대한 상세 설명푸딩에 대한 상세 설명푸딩에 대한 상세 설명푸딩에 대한 상세 설명푸딩에 대한 상세 설명푸딩에 대한 상세 설명푸딩에 대한 상세 설명',to_date('19/11/04','RR/MM/DD'),to_date('19/11/04','RR/MM/DD'),0,0,'활성화');
Insert into JBGD.ITEM (ITEM_NO,ITEM_NAME,ITEM_PRICE,ITEM_STOCK,ITEM_CONTENT,ITEM_CRE_DATE,ITEM_MOD_DATE,ITEM_VIEW_COUNT,ITEM_SOLD_COUNT,ITEM_STATE) values (30,'ICE CREAM',3500,1053,'아이스크림에 대한 설명 및 배경아이스크림에 대한 설명 및 배경아이스크림에 대한 설명 및 배경아이스크림에 대한 설명 및 배경아이스크림에 대한 설명 및 배경아이스크림에 대한 설명 및 배경아이스크림에 대한 설명 및 배경아이스크림에 대한 설명 및 배경아이스크림에 대한 설명 및 배경아이스크림에 대한 설명 및 배경아이스크림에 대한 설명 및 배경아이스크림에 대한 설명 및 배경아이스크림에 대한 설명 및 배경아이스크림에 대한 설명 및 배경아이스크림에 대한 설명 및 배경아이스크림에 대한 설명 및 배경아이스크림에 대한 설명 및 배경아이스크림에 대한 설명 및 배경아이스크림에 대한 설명 및 배경아이스크림에 대한 설명 및 배경아이스크림에 대한 설명 및 배경아이스크림에 대한 설명 및 배경아이스크림에 대한 설명 및 배경아이스크림에 대한 설명 및 배경아이스크림에 대한 설명 및 배경아이스크림에 대한 설명 및 배경아이스크림에 대한 설명 및 배경아이스크림에 대한 설명 및 배경아이스크림에 대한 설명 및 배경아이스크림에 대한 설명 및 배경아이스크림에 대한 설명 및 배경아이스크림에 대한 설명 및 배경아이스크림에 대한 설명 및 배경아이스크림에 대한 설명 및 배경아이스크림에 대한 설명 및 배경아이스크림에 대한 설명 및 배경아이스크림에 대한 설명 및 배경아이스크림에 대한 설명 및 배경아이스크림에 대한 설명 및 배경',to_date('19/11/04','RR/MM/DD'),to_date('19/11/04','RR/MM/DD'),1,0,'활성화');
Insert into JBGD.ITEM (ITEM_NO,ITEM_NAME,ITEM_PRICE,ITEM_STOCK,ITEM_CONTENT,ITEM_CRE_DATE,ITEM_MOD_DATE,ITEM_VIEW_COUNT,ITEM_SOLD_COUNT,ITEM_STATE) values (2,'마카롱',7700,150,'마카롱에 대한 설명 - 마카롱에 대한 설명 - 마카롱에 대한 설명 - 마카롱에 대한 설명 - 마카롱에 대한 설명 - 마카롱에 대한 설명 - 마카롱에 대한 설명 - 마카롱에 대한 설명 - 마카롱에 대한 설명 - 마카롱에 대한 설명 - 마카롱에 대한 설명 - 마카롱에 대한 설명 - 마카롱에 대한 설명 - 마카롱에 대한 설명 - 마카롱에 대한 설명 - 마카롱에 대한 설명 - 마카롱에 대한 설명 - 마카롱에 대한 설명 - 마카롱에 대한 설명 - 마카롱에 대한 설명 - 마카롱에 대한 설명 - 마카롱에 대한 설명 - 마카롱에 대한 설명 - 마카롱에 대한 설명 - 마카롱에 대한 설명 - 마카롱에 대한 설명 - 마카롱에 대한 설명 - 마카롱에 대한 설명 - 마카롱에 대한 설명 - 마카롱에 대한 설명 - 마카롱에 대한 설명 - 마카롱에 대한 설명 - 마카롱에 대한 설명 - 마카롱에 대한 설명 - 마카롱에 대한 설명 - 마카롱에 대한 설명 - 마카롱에 대한 설명 - 마카롱에 대한 설명 - 마카롱에 대한 설명 - 마카롱에 대한 설명 - 마카롱에 대한 설명 - 마카롱에 대한 설명 - 마카롱에 대한 설명 - 마카롱에 대한 설명 - 마카롱에 대한 설명 - 마카롱에 대한 설명 - 마카롱에 대한 설명 - 마카롱에 대한 설명 - 마카롱에 대한 설명 - ',to_date('19/10/30','RR/MM/DD'),to_date('19/10/30','RR/MM/DD'),0,0,'활성화');
Insert into JBGD.ITEM (ITEM_NO,ITEM_NAME,ITEM_PRICE,ITEM_STOCK,ITEM_CONTENT,ITEM_CRE_DATE,ITEM_MOD_DATE,ITEM_VIEW_COUNT,ITEM_SOLD_COUNT,ITEM_STATE) values (3,'몽블랑',6500,50,'몽블랑에 대한 설명 - 몽블랑에 대한 설명 - 몽블랑에 대한 설명 - 몽블랑에 대한 설명 - 몽블랑에 대한 설명 - 몽블랑에 대한 설명 - 몽블랑에 대한 설명 - 몽블랑에 대한 설명 - 몽블랑에 대한 설명 - 몽블랑에 대한 설명 - 몽블랑에 대한 설명 - 몽블랑에 대한 설명 - 몽블랑에 대한 설명 - 몽블랑에 대한 설명 - 몽블랑에 대한 설명 - 몽블랑에 대한 설명 - 몽블랑에 대한 설명 - 몽블랑에 대한 설명 - 몽블랑에 대한 설명 - 몽블랑에 대한 설명 - 몽블랑에 대한 설명 - 몽블랑에 대한 설명 - 몽블랑에 대한 설명 - 몽블랑에 대한 설명 - 몽블랑에 대한 설명 - 몽블랑에 대한 설명 - 몽블랑에 대한 설명 - 몽블랑에 대한 설명 - 몽블랑에 대한 설명 - 몽블랑에 대한 설명 - 몽블랑에 대한 설명 - 몽블랑에 대한 설명 - 몽블랑에 대한 설명 - 몽블랑에 대한 설명 - 몽블랑에 대한 설명 - ',to_date('19/10/30','RR/MM/DD'),to_date('19/10/30','RR/MM/DD'),0,0,'활성화');
Insert into JBGD.ITEM (ITEM_NO,ITEM_NAME,ITEM_PRICE,ITEM_STOCK,ITEM_CONTENT,ITEM_CRE_DATE,ITEM_MOD_DATE,ITEM_VIEW_COUNT,ITEM_SOLD_COUNT,ITEM_STATE) values (4,'초코 브라우니',5700,150,'브라우니에 대한 설명 - 브라우니에 대한 설명 - 브라우니에 대한 설명 - 브라우니에 대한 설명 - 브라우니에 대한 설명 - 브라우니에 대한 설명 - 브라우니에 대한 설명 - 브라우니에 대한 설명 - 브라우니에 대한 설명 - 브라우니에 대한 설명 - 브라우니에 대한 설명 - 브라우니에 대한 설명 - 브라우니에 대한 설명 - 브라우니에 대한 설명 - 브라우니에 대한 설명 - 브라우니에 대한 설명 - 브라우니에 대한 설명 - 브라우니에 대한 설명 - 브라우니에 대한 설명 - 브라우니에 대한 설명 - 브라우니에 대한 설명 - 브라우니에 대한 설명 - 브라우니에 대한 설명 - 브라우니에 대한 설명 - 브라우니에 대한 설명 - 브라우니에 대한 설명 - 브라우니에 대한 설명 - 브라우니에 대한 설명 - 브라우니에 대한 설명 - 브라우니에 대한 설명 - 브라우니에 대한 설명 - 브라우니에 대한 설명 - 브라우니에 대한 설명 - 브라우니에 대한 설명 - 브라우니에 대한 설명 - 브라우니에 대한 설명 - 브라우니에 대한 설명 - 브라우니에 대한 설명 - 브라우니에 대한 설명 - 브라우니에 대한 설명 - ',to_date('19/10/30','RR/MM/DD'),to_date('19/10/30','RR/MM/DD'),0,0,'활성화');
Insert into JBGD.ITEM (ITEM_NO,ITEM_NAME,ITEM_PRICE,ITEM_STOCK,ITEM_CONTENT,ITEM_CRE_DATE,ITEM_MOD_DATE,ITEM_VIEW_COUNT,ITEM_SOLD_COUNT,ITEM_STATE) values (1,'딸기타르트',6000,100,'딸기타르트에 대한 설명 - 딸기타르트에 대한 설명 - 딸기타르트에 대한 설명 - 딸기타르트에 대한 설명 - 딸기타르트에 대한 설명 - 딸기타르트에 대한 설명 - 딸기타르트에 대한 설명 - 딸기타르트에 대한 설명 - 딸기타르트에 대한 설명 - 딸기타르트에 대한 설명 - 딸기타르트에 대한 설명 - 딸기타르트에 대한 설명 - 딸기타르트에 대한 설명 - 딸기타르트에 대한 설명 - 딸기타르트에 대한 설명 - 딸기타르트에 대한 설명 - 딸기타르트에 대한 설명 - 딸기타르트에 대한 설명 - 딸기타르트에 대한 설명 - 딸기타르트에 대한 설명 - 딸기타르트에 대한 설명 - 딸기타르트에 대한 설명 - 딸기타르트에 대한 설명 - 딸기타르트에 대한 설명 - 딸기타르트에 대한 설명 - 딸기타르트에 대한 설명 - 딸기타르트에 대한 설명 - 딸기타르트에 대한 설명 - 딸기타르트에 대한 설명 - 딸기타르트에 대한 설명 - 딸기타르트에 대한 설명 - 딸기타르트에 대한 설명 - 딸기타르트에 대한 설명 - 딸기타르트에 대한 설명 - 딸기타르트에 대한 설명 - 딸기타르트에 대한 설명 - 딸기타르트에 대한 설명 - 딸기타르트에 대한 설명 - 딸기타르트에 대한 설명 - 딸기타르트에 대한 설명 - 딸기타르트에 대한 설명 - 딸기타르트에 대한 설명 - 딸기타르트에 대한 설명 - 딸기타르트에 대한 설명 - 딸기타르트에 대한 설명 - ',to_date('19/10/30','RR/MM/DD'),to_date('19/10/30','RR/MM/DD'),0,0,'활성화');
Insert into JBGD.ITEM (ITEM_NO,ITEM_NAME,ITEM_PRICE,ITEM_STOCK,ITEM_CONTENT,ITEM_CRE_DATE,ITEM_MOD_DATE,ITEM_VIEW_COUNT,ITEM_SOLD_COUNT,ITEM_STATE) values (5,'에그타르트',6000,150,'에그타르트에 대한 설명 - 에그타르트에 대한 설명 - 에그타르트에 대한 설명 - 에그타르트에 대한 설명 - 에그타르트에 대한 설명 - 에그타르트에 대한 설명 - 에그타르트에 대한 설명 - 에그타르트에 대한 설명 - 에그타르트에 대한 설명 - 에그타르트에 대한 설명 - 에그타르트에 대한 설명 - 에그타르트에 대한 설명 - 에그타르트에 대한 설명 - 에그타르트에 대한 설명 - 에그타르트에 대한 설명 - 에그타르트에 대한 설명 - 에그타르트에 대한 설명 - 에그타르트에 대한 설명 - 에그타르트에 대한 설명 - 에그타르트에 대한 설명 - 에그타르트에 대한 설명 - 에그타르트에 대한 설명 - 에그타르트에 대한 설명 - 에그타르트에 대한 설명 - 에그타르트에 대한 설명 - 에그타르트에 대한 설명 - 에그타르트에 대한 설명 - 에그타르트에 대한 설명 - 에그타르트에 대한 설명 - 에그타르트에 대한 설명 - 에그타르트에 대한 설명 - 에그타르트에 대한 설명 - 에그타르트에 대한 설명 - 에그타르트에 대한 설명 - 에그타르트에 대한 설명 - 에그타르트에 대한 설명 - 에그타르트에 대한 설명 - 에그타르트에 대한 설명 - 에그타르트에 대한 설명 - 에그타르트에 대한 설명 - 에그타르트에 대한 설명 - 에그타르트에 대한 설명 - 에그타르트에 대한 설명 - 에그타르트에 대한 설명 - 에그타르트에 대한 설명 - 에그타르트에 대한 설명 - 에그타르트에 대한 설명 - 에그타르트에 대한 설명 - 에그타르트에 대한 설명 - 에그타르트에 대한 설명 - 에그타르트에 대한 설명 - ',to_date('19/10/30','RR/MM/DD'),to_date('19/10/30','RR/MM/DD'),0,0,'활성화');
Insert into JBGD.ITEM (ITEM_NO,ITEM_NAME,ITEM_PRICE,ITEM_STOCK,ITEM_CONTENT,ITEM_CRE_DATE,ITEM_MOD_DATE,ITEM_VIEW_COUNT,ITEM_SOLD_COUNT,ITEM_STATE) values (6,'찹쌀떡',4000,150,'찹쌀떡에 대한 설명 - 찹쌀떡에 대한 설명 - 찹쌀떡에 대한 설명 - 찹쌀떡에 대한 설명 - 찹쌀떡에 대한 설명 - 찹쌀떡에 대한 설명 - 찹쌀떡에 대한 설명 - 찹쌀떡에 대한 설명 - 찹쌀떡에 대한 설명 - 찹쌀떡에 대한 설명 - 찹쌀떡에 대한 설명 - 찹쌀떡에 대한 설명 - 찹쌀떡에 대한 설명 - 찹쌀떡에 대한 설명 - 찹쌀떡에 대한 설명 - 찹쌀떡에 대한 설명 - 찹쌀떡에 대한 설명 - 찹쌀떡에 대한 설명 - 찹쌀떡에 대한 설명 - 찹쌀떡에 대한 설명 - 찹쌀떡에 대한 설명 - 찹쌀떡에 대한 설명 - 찹쌀떡에 대한 설명 - 찹쌀떡에 대한 설명 - 찹쌀떡에 대한 설명 - 찹쌀떡에 대한 설명 - 찹쌀떡에 대한 설명 - 찹쌀떡에 대한 설명 - 찹쌀떡에 대한 설명 - 찹쌀떡에 대한 설명 - 찹쌀떡에 대한 설명 - 찹쌀떡에 대한 설명 - 찹쌀떡에 대한 설명 - 찹쌀떡에 대한 설명 - 찹쌀떡에 대한 설명 - 찹쌀떡에 대한 설명 - 찹쌀떡에 대한 설명 - 찹쌀떡에 대한 설명 - 찹쌀떡에 대한 설명 - 찹쌀떡에 대한 설명 - 찹쌀떡에 대한 설명 - 찹쌀떡에 대한 설명 - 찹쌀떡에 대한 설명 - 찹쌀떡에 대한 설명 - 찹쌀떡에 대한 설명 - 찹쌀떡에 대한 설명 - 찹쌀떡에 대한 설명 - ',to_date('19/10/30','RR/MM/DD'),to_date('19/10/30','RR/MM/DD'),0,0,'활성화');
Insert into JBGD.ITEM (ITEM_NO,ITEM_NAME,ITEM_PRICE,ITEM_STOCK,ITEM_CONTENT,ITEM_CRE_DATE,ITEM_MOD_DATE,ITEM_VIEW_COUNT,ITEM_SOLD_COUNT,ITEM_STATE) values (7,'치즈케이크',6500,150,'치즈케이크에 대한 설명 - 치즈케이크에 대한 설명 - 치즈케이크에 대한 설명 - 치즈케이크에 대한 설명 - 치즈케이크에 대한 설명 - 치즈케이크에 대한 설명 - 치즈케이크에 대한 설명 - 치즈케이크에 대한 설명 - 치즈케이크에 대한 설명 - 치즈케이크에 대한 설명 - 치즈케이크에 대한 설명 - 치즈케이크에 대한 설명 - 치즈케이크에 대한 설명 - 치즈케이크에 대한 설명 - 치즈케이크에 대한 설명 - 치즈케이크에 대한 설명 - 치즈케이크에 대한 설명 - 치즈케이크에 대한 설명 - 치즈케이크에 대한 설명 - 치즈케이크에 대한 설명 - 치즈케이크에 대한 설명 - 치즈케이크에 대한 설명 - 치즈케이크에 대한 설명 - 치즈케이크에 대한 설명 - 치즈케이크에 대한 설명 - 치즈케이크에 대한 설명 - 치즈케이크에 대한 설명 - 치즈케이크에 대한 설명 - 치즈케이크에 대한 설명 - 치즈케이크에 대한 설명 - 치즈케이크에 대한 설명 - 치즈케이크에 대한 설명 - 치즈케이크에 대한 설명 - 치즈케이크에 대한 설명 - 치즈케이크에 대한 설명 - 치즈케이크에 대한 설명 - 치즈케이크에 대한 설명 - 치즈케이크에 대한 설명 - 치즈케이크에 대한 설명 - 치즈케이크에 대한 설명 - 치즈케이크에 대한 설명 - 치즈케이크에 대한 설명 - ',to_date('19/10/30','RR/MM/DD'),to_date('19/10/30','RR/MM/DD'),1,0,'활성화');
Insert into JBGD.ITEM (ITEM_NO,ITEM_NAME,ITEM_PRICE,ITEM_STOCK,ITEM_CONTENT,ITEM_CRE_DATE,ITEM_MOD_DATE,ITEM_VIEW_COUNT,ITEM_SOLD_COUNT,ITEM_STATE) values (8,'카스테라',2000,50,'카스테라에 대한 설명 - 카스테라에 대한 설명 - 카스테라에 대한 설명 - 카스테라에 대한 설명 - 카스테라에 대한 설명 - 카스테라에 대한 설명 - 카스테라에 대한 설명 - 카스테라에 대한 설명 - 카스테라에 대한 설명 - 카스테라에 대한 설명 - 카스테라에 대한 설명 - 카스테라에 대한 설명 - 카스테라에 대한 설명 - 카스테라에 대한 설명 - 카스테라에 대한 설명 - 카스테라에 대한 설명 - 카스테라에 대한 설명 - 카스테라에 대한 설명 - 카스테라에 대한 설명 - 카스테라에 대한 설명 - 카스테라에 대한 설명 - 카스테라에 대한 설명 - 카스테라에 대한 설명 - 카스테라에 대한 설명 - 카스테라에 대한 설명 - 카스테라에 대한 설명 - 카스테라에 대한 설명 - 카스테라에 대한 설명 - 카스테라에 대한 설명 - 카스테라에 대한 설명 - 카스테라에 대한 설명 - 카스테라에 대한 설명 - 카스테라에 대한 설명 - 카스테라에 대한 설명 - 카스테라에 대한 설명 - 카스테라에 대한 설명 - 카스테라에 대한 설명 - 카스테라에 대한 설명 - 카스테라에 대한 설명 - 카스테라에 대한 설명 - 카스테라에 대한 설명 - 카스테라에 대한 설명 - ',to_date('19/10/30','RR/MM/DD'),to_date('19/10/30','RR/MM/DD'),1,0,'활성화');
Insert into JBGD.ITEM (ITEM_NO,ITEM_NAME,ITEM_PRICE,ITEM_STOCK,ITEM_CONTENT,ITEM_CRE_DATE,ITEM_MOD_DATE,ITEM_VIEW_COUNT,ITEM_SOLD_COUNT,ITEM_STATE) values (31,'약과',1500,2400,'약과란 중국 전국 시대의 노래인 초혼부(招魂賦)에 “거여(??)와 밀이(蜜餌)에 장황(??)도 있습니다.”고 하는 구절이 있습니다. 후한의 왕일(王逸)은 ‘거여’를 쌀가루를 꿀에 섞어 구운 것으로, ‘밀이’는 기장쌀을 꿀에 섞어 구운 것으로, ‘장황’을 엿[?]으로 보았다. 명나라의 가산(可山) 임홍(林洪)은 ‘거여’를 밀면(蜜?)을 말린 간로병(間爐餠)으로, ‘밀이’는 밀면보다 윤기가 더 있는 떡으로, ‘장황’은 한식에 먹는 한구(寒具)로 보았다. 이에 대해 이익은 《성호사설》에서 ‘거여’는 밀면을 기름에 튀긴 후에 말린 박계(朴桂)와, ‘밀이’는 거여와 같은 방식으로 만든 후에 엿과 꿀을 덧바른 약과와 비슷한 것으로 보았습니다.
그리고 이 약과는 다른 약과랑 다른 그 맛을 느낄수 있도록 20년간 약과만 만든 부부를 섭외해 만들었습니다 ',to_date('19/11/04','RR/MM/DD'),to_date('19/11/04','RR/MM/DD'),1,0,'활성화');
Insert into JBGD.ITEM (ITEM_NO,ITEM_NAME,ITEM_PRICE,ITEM_STOCK,ITEM_CONTENT,ITEM_CRE_DATE,ITEM_MOD_DATE,ITEM_VIEW_COUNT,ITEM_SOLD_COUNT,ITEM_STATE) values (32,'붕어빵',1550,334,'이 붕어빵은 붕어빵 장인 한땀한땀 피땀눈물이 다들어간 그러한 붕어빵입니다. 모두다 한국에서 직접 키우고 재배 하고 농약 따윈 뿌리지 않은 순수 올가닉 푸드입니다 ㅎㅎ
',to_date('19/11/04','RR/MM/DD'),to_date('19/11/04','RR/MM/DD'),0,0,'활성화');
Insert into JBGD.ITEM (ITEM_NO,ITEM_NAME,ITEM_PRICE,ITEM_STOCK,ITEM_CONTENT,ITEM_CRE_DATE,ITEM_MOD_DATE,ITEM_VIEW_COUNT,ITEM_SOLD_COUNT,ITEM_STATE) values (33,'탕후루',3500,876,'요즘 탕후루 시대에 걸맛게 탕후루 BEST 장인을 뽑아 이세상에서 맛볼수없는 그맛... 잊을수없는 새콤함과 달콤힘의 완벽한 조화...
장인만의 특별한 레시피와 비율이 합쳐져 완벽한 이세상 다른 탕후루에서 맛볼수 없던 그맛을 느껴보세요',to_date('19/11/04','RR/MM/DD'),to_date('19/11/04','RR/MM/DD'),0,0,'활성화');

Insert into JBGD.ITEM_IMG (ITEM_IMG_NO,ITEM_ORIGINAL_IMG_NAME,ITEM_STORED_IMG_NAME,ITEM_IMG_SIZE,ITEM_IMG_THUMBNAIL,ITEM_IMG_CRE_DATE,ITEM_IMG_MOD_DATE,ITEM_NO) values (3,'딸기타르트3.jpg','c3b3aa6204194592a646fe5454492bbe.jpg',152905,'false',to_date('19/10/30','RR/MM/DD'),to_date('19/10/30','RR/MM/DD'),1);
Insert into JBGD.ITEM_IMG (ITEM_IMG_NO,ITEM_ORIGINAL_IMG_NAME,ITEM_STORED_IMG_NAME,ITEM_IMG_SIZE,ITEM_IMG_THUMBNAIL,ITEM_IMG_CRE_DATE,ITEM_IMG_MOD_DATE,ITEM_NO) values (4,'마카롱1.jpg','1319ffa2aa6b473789a43a4d944f1b5f.jpg',203093,'true',to_date('19/10/30','RR/MM/DD'),to_date('19/10/30','RR/MM/DD'),2);
Insert into JBGD.ITEM_IMG (ITEM_IMG_NO,ITEM_ORIGINAL_IMG_NAME,ITEM_STORED_IMG_NAME,ITEM_IMG_SIZE,ITEM_IMG_THUMBNAIL,ITEM_IMG_CRE_DATE,ITEM_IMG_MOD_DATE,ITEM_NO) values (5,'마카롱2.jpg','9b629a247eb3418f928c87a570f838c8.jpg',364312,'false',to_date('19/10/30','RR/MM/DD'),to_date('19/10/30','RR/MM/DD'),2);
Insert into JBGD.ITEM_IMG (ITEM_IMG_NO,ITEM_ORIGINAL_IMG_NAME,ITEM_STORED_IMG_NAME,ITEM_IMG_SIZE,ITEM_IMG_THUMBNAIL,ITEM_IMG_CRE_DATE,ITEM_IMG_MOD_DATE,ITEM_NO) values (6,'마카롱3.jpg','edc6e64226114c7c97683e991c458ee4.jpg',195564,'false',to_date('19/10/30','RR/MM/DD'),to_date('19/10/30','RR/MM/DD'),2);
Insert into JBGD.ITEM_IMG (ITEM_IMG_NO,ITEM_ORIGINAL_IMG_NAME,ITEM_STORED_IMG_NAME,ITEM_IMG_SIZE,ITEM_IMG_THUMBNAIL,ITEM_IMG_CRE_DATE,ITEM_IMG_MOD_DATE,ITEM_NO) values (7,'몽블랑1.jpg','8bd84dee7b9e49029f118f71f63bb725.jpg',23907,'true',to_date('19/10/30','RR/MM/DD'),to_date('19/10/30','RR/MM/DD'),3);
Insert into JBGD.ITEM_IMG (ITEM_IMG_NO,ITEM_ORIGINAL_IMG_NAME,ITEM_STORED_IMG_NAME,ITEM_IMG_SIZE,ITEM_IMG_THUMBNAIL,ITEM_IMG_CRE_DATE,ITEM_IMG_MOD_DATE,ITEM_NO) values (8,'몽블랑2.jpg','d25fb461e85f4521b4fa19648a7d83a8.jpg',7659,'false',to_date('19/10/30','RR/MM/DD'),to_date('19/10/30','RR/MM/DD'),3);
Insert into JBGD.ITEM_IMG (ITEM_IMG_NO,ITEM_ORIGINAL_IMG_NAME,ITEM_STORED_IMG_NAME,ITEM_IMG_SIZE,ITEM_IMG_THUMBNAIL,ITEM_IMG_CRE_DATE,ITEM_IMG_MOD_DATE,ITEM_NO) values (9,'몽블랑3.jpg','33f7cb8178cd48199fdfff8466022211.jpg',47281,'false',to_date('19/10/30','RR/MM/DD'),to_date('19/10/30','RR/MM/DD'),3);
Insert into JBGD.ITEM_IMG (ITEM_IMG_NO,ITEM_ORIGINAL_IMG_NAME,ITEM_STORED_IMG_NAME,ITEM_IMG_SIZE,ITEM_IMG_THUMBNAIL,ITEM_IMG_CRE_DATE,ITEM_IMG_MOD_DATE,ITEM_NO) values (10,'브라우니1.jpg','62a55c3a58ec499e99e261a4642250b6.jpg',135058,'true',to_date('19/10/30','RR/MM/DD'),to_date('19/10/30','RR/MM/DD'),4);
Insert into JBGD.ITEM_IMG (ITEM_IMG_NO,ITEM_ORIGINAL_IMG_NAME,ITEM_STORED_IMG_NAME,ITEM_IMG_SIZE,ITEM_IMG_THUMBNAIL,ITEM_IMG_CRE_DATE,ITEM_IMG_MOD_DATE,ITEM_NO) values (1,'딸기타르트1.jpg','d73ee3cfef87427aaa405462c0daf884.jpg',101595,'true',to_date('19/10/30','RR/MM/DD'),to_date('19/10/30','RR/MM/DD'),1);
Insert into JBGD.ITEM_IMG (ITEM_IMG_NO,ITEM_ORIGINAL_IMG_NAME,ITEM_STORED_IMG_NAME,ITEM_IMG_SIZE,ITEM_IMG_THUMBNAIL,ITEM_IMG_CRE_DATE,ITEM_IMG_MOD_DATE,ITEM_NO) values (2,'딸기타르트2.jpg','471c5de54fee4d6f8f145a6b1c9e7a4b.jpg',164740,'false',to_date('19/10/30','RR/MM/DD'),to_date('19/10/30','RR/MM/DD'),1);
Insert into JBGD.ITEM_IMG (ITEM_IMG_NO,ITEM_ORIGINAL_IMG_NAME,ITEM_STORED_IMG_NAME,ITEM_IMG_SIZE,ITEM_IMG_THUMBNAIL,ITEM_IMG_CRE_DATE,ITEM_IMG_MOD_DATE,ITEM_NO) values (11,'브라우니2.jpg','35d9f2faf6a34930a2cd70cdd8d46ae9.jpg',212674,'false',to_date('19/10/30','RR/MM/DD'),to_date('19/10/30','RR/MM/DD'),4);
Insert into JBGD.ITEM_IMG (ITEM_IMG_NO,ITEM_ORIGINAL_IMG_NAME,ITEM_STORED_IMG_NAME,ITEM_IMG_SIZE,ITEM_IMG_THUMBNAIL,ITEM_IMG_CRE_DATE,ITEM_IMG_MOD_DATE,ITEM_NO) values (25,'에그타르트1.jpg','92305371585f4bb7a73600164da0e4e0.jpg',101595,'true',to_date('19/10/30','RR/MM/DD'),to_date('19/10/30','RR/MM/DD'),5);
Insert into JBGD.ITEM_IMG (ITEM_IMG_NO,ITEM_ORIGINAL_IMG_NAME,ITEM_STORED_IMG_NAME,ITEM_IMG_SIZE,ITEM_IMG_THUMBNAIL,ITEM_IMG_CRE_DATE,ITEM_IMG_MOD_DATE,ITEM_NO) values (26,'에그타르트2.jpg','de19bcb5ab924b6c99cd7f1bc67da2fb.jpg',164740,'false',to_date('19/10/30','RR/MM/DD'),to_date('19/10/30','RR/MM/DD'),5);
Insert into JBGD.ITEM_IMG (ITEM_IMG_NO,ITEM_ORIGINAL_IMG_NAME,ITEM_STORED_IMG_NAME,ITEM_IMG_SIZE,ITEM_IMG_THUMBNAIL,ITEM_IMG_CRE_DATE,ITEM_IMG_MOD_DATE,ITEM_NO) values (27,'에그타르트3.jpg','eb3cf3b931aa4b3b8848bc3988902389.jpg',212674,'false',to_date('19/10/30','RR/MM/DD'),to_date('19/10/30','RR/MM/DD'),5);
Insert into JBGD.ITEM_IMG (ITEM_IMG_NO,ITEM_ORIGINAL_IMG_NAME,ITEM_STORED_IMG_NAME,ITEM_IMG_SIZE,ITEM_IMG_THUMBNAIL,ITEM_IMG_CRE_DATE,ITEM_IMG_MOD_DATE,ITEM_NO) values (12,'브라우니3.jpg','86a65c7a669143328e0dd792d80e3125.jpg',7407,'false',to_date('19/10/30','RR/MM/DD'),to_date('19/10/30','RR/MM/DD'),4);
Insert into JBGD.ITEM_IMG (ITEM_IMG_NO,ITEM_ORIGINAL_IMG_NAME,ITEM_STORED_IMG_NAME,ITEM_IMG_SIZE,ITEM_IMG_THUMBNAIL,ITEM_IMG_CRE_DATE,ITEM_IMG_MOD_DATE,ITEM_NO) values (13,'찹쌀떡1.jpg','44e6c1aa2e2a4925ae1c1c53fb25a75a.jpg',190310,'true',to_date('19/10/30','RR/MM/DD'),to_date('19/10/30','RR/MM/DD'),6);
Insert into JBGD.ITEM_IMG (ITEM_IMG_NO,ITEM_ORIGINAL_IMG_NAME,ITEM_STORED_IMG_NAME,ITEM_IMG_SIZE,ITEM_IMG_THUMBNAIL,ITEM_IMG_CRE_DATE,ITEM_IMG_MOD_DATE,ITEM_NO) values (14,'찹쌀떡2.jpg','f66cdeb3dcb548079d62ebb6bb287acd.jpg',115570,'false',to_date('19/10/30','RR/MM/DD'),to_date('19/10/30','RR/MM/DD'),6);
Insert into JBGD.ITEM_IMG (ITEM_IMG_NO,ITEM_ORIGINAL_IMG_NAME,ITEM_STORED_IMG_NAME,ITEM_IMG_SIZE,ITEM_IMG_THUMBNAIL,ITEM_IMG_CRE_DATE,ITEM_IMG_MOD_DATE,ITEM_NO) values (15,'찹쌀떡3.jpg','9ac4dfc6bb9a4ae99080ec512065ca66.jpg',82521,'false',to_date('19/10/30','RR/MM/DD'),to_date('19/10/30','RR/MM/DD'),6);
Insert into JBGD.ITEM_IMG (ITEM_IMG_NO,ITEM_ORIGINAL_IMG_NAME,ITEM_STORED_IMG_NAME,ITEM_IMG_SIZE,ITEM_IMG_THUMBNAIL,ITEM_IMG_CRE_DATE,ITEM_IMG_MOD_DATE,ITEM_NO) values (16,'치즈케이크1.jpg','b5e9b694a2a940cb8898334d5de30788.jpg',35847,'true',to_date('19/10/30','RR/MM/DD'),to_date('19/10/30','RR/MM/DD'),7);
Insert into JBGD.ITEM_IMG (ITEM_IMG_NO,ITEM_ORIGINAL_IMG_NAME,ITEM_STORED_IMG_NAME,ITEM_IMG_SIZE,ITEM_IMG_THUMBNAIL,ITEM_IMG_CRE_DATE,ITEM_IMG_MOD_DATE,ITEM_NO) values (17,'치즈케이크2.jpg','c4dfcb3439584d5eb50a8f73282d0309.jpg',137257,'false',to_date('19/10/30','RR/MM/DD'),to_date('19/10/30','RR/MM/DD'),7);
Insert into JBGD.ITEM_IMG (ITEM_IMG_NO,ITEM_ORIGINAL_IMG_NAME,ITEM_STORED_IMG_NAME,ITEM_IMG_SIZE,ITEM_IMG_THUMBNAIL,ITEM_IMG_CRE_DATE,ITEM_IMG_MOD_DATE,ITEM_NO) values (18,'치즈케이크3.jpg','bd4a97ae69d347faaca7f516744a1479.jpg',129080,'false',to_date('19/10/30','RR/MM/DD'),to_date('19/10/30','RR/MM/DD'),7);
Insert into JBGD.ITEM_IMG (ITEM_IMG_NO,ITEM_ORIGINAL_IMG_NAME,ITEM_STORED_IMG_NAME,ITEM_IMG_SIZE,ITEM_IMG_THUMBNAIL,ITEM_IMG_CRE_DATE,ITEM_IMG_MOD_DATE,ITEM_NO) values (19,'카스테라1.jpg','7bc6fd3bc98944bbae9e4ab6c9762901.jpg',8470,'true',to_date('19/10/30','RR/MM/DD'),to_date('19/10/30','RR/MM/DD'),8);
Insert into JBGD.ITEM_IMG (ITEM_IMG_NO,ITEM_ORIGINAL_IMG_NAME,ITEM_STORED_IMG_NAME,ITEM_IMG_SIZE,ITEM_IMG_THUMBNAIL,ITEM_IMG_CRE_DATE,ITEM_IMG_MOD_DATE,ITEM_NO) values (20,'카스테라2.jpg','2b57c20bc4a8493a968cd32ca78f2841.jpg',81881,'false',to_date('19/10/30','RR/MM/DD'),to_date('19/10/30','RR/MM/DD'),8);
Insert into JBGD.ITEM_IMG (ITEM_IMG_NO,ITEM_ORIGINAL_IMG_NAME,ITEM_STORED_IMG_NAME,ITEM_IMG_SIZE,ITEM_IMG_THUMBNAIL,ITEM_IMG_CRE_DATE,ITEM_IMG_MOD_DATE,ITEM_NO) values (21,'카스테라3.jpg','fa80b5c683544e01acb22af3415d0c02.jpg',122262,'false',to_date('19/10/30','RR/MM/DD'),to_date('19/10/30','RR/MM/DD'),8);
Insert into JBGD.ITEM_IMG (ITEM_IMG_NO,ITEM_ORIGINAL_IMG_NAME,ITEM_STORED_IMG_NAME,ITEM_IMG_SIZE,ITEM_IMG_THUMBNAIL,ITEM_IMG_CRE_DATE,ITEM_IMG_MOD_DATE,ITEM_NO) values (22,'파베초콜릿1.jpg','a130cc4764a847b6bb4143f185815ee0.jpg',5414,'true',to_date('19/10/30','RR/MM/DD'),to_date('19/10/30','RR/MM/DD'),9);
Insert into JBGD.ITEM_IMG (ITEM_IMG_NO,ITEM_ORIGINAL_IMG_NAME,ITEM_STORED_IMG_NAME,ITEM_IMG_SIZE,ITEM_IMG_THUMBNAIL,ITEM_IMG_CRE_DATE,ITEM_IMG_MOD_DATE,ITEM_NO) values (23,'파베초콜릿2.jpg','a93981e356b54146bc9c15a0b33ccb8c.jpg',62849,'false',to_date('19/10/30','RR/MM/DD'),to_date('19/10/30','RR/MM/DD'),9);
Insert into JBGD.ITEM_IMG (ITEM_IMG_NO,ITEM_ORIGINAL_IMG_NAME,ITEM_STORED_IMG_NAME,ITEM_IMG_SIZE,ITEM_IMG_THUMBNAIL,ITEM_IMG_CRE_DATE,ITEM_IMG_MOD_DATE,ITEM_NO) values (24,'파베초콜릿3.jpg','ec6e73804cf847bc9a3de6dddb8918b9.jpg',230026,'false',to_date('19/10/30','RR/MM/DD'),to_date('19/10/30','RR/MM/DD'),9);
Insert into JBGD.ITEM_IMG (ITEM_IMG_NO,ITEM_ORIGINAL_IMG_NAME,ITEM_STORED_IMG_NAME,ITEM_IMG_SIZE,ITEM_IMG_THUMBNAIL,ITEM_IMG_CRE_DATE,ITEM_IMG_MOD_DATE,ITEM_NO) values (41,'밤양갱.jpg','ace75354e13a4e63bb50c2682170ac32.jpg',221660,'true',to_date('19/11/04','RR/MM/DD'),to_date('19/11/04','RR/MM/DD'),21);
Insert into JBGD.ITEM_IMG (ITEM_IMG_NO,ITEM_ORIGINAL_IMG_NAME,ITEM_STORED_IMG_NAME,ITEM_IMG_SIZE,ITEM_IMG_THUMBNAIL,ITEM_IMG_CRE_DATE,ITEM_IMG_MOD_DATE,ITEM_NO) values (42,'색깔 밤양갱.jpg','5bb5d36ac49e4b40abe9a1c638c1ecb3.jpg',212633,'false',to_date('19/11/04','RR/MM/DD'),to_date('19/11/04','RR/MM/DD'),21);
Insert into JBGD.ITEM_IMG (ITEM_IMG_NO,ITEM_ORIGINAL_IMG_NAME,ITEM_STORED_IMG_NAME,ITEM_IMG_SIZE,ITEM_IMG_THUMBNAIL,ITEM_IMG_CRE_DATE,ITEM_IMG_MOD_DATE,ITEM_NO) values (43,'팥 밤양갱.jpg','9bf932e85b0b4a9cb1259f51ae00af02.jpg',136666,'false',to_date('19/11/04','RR/MM/DD'),to_date('19/11/04','RR/MM/DD'),21);
Insert into JBGD.ITEM_IMG (ITEM_IMG_NO,ITEM_ORIGINAL_IMG_NAME,ITEM_STORED_IMG_NAME,ITEM_IMG_SIZE,ITEM_IMG_THUMBNAIL,ITEM_IMG_CRE_DATE,ITEM_IMG_MOD_DATE,ITEM_NO) values (44,'터키 젤리.jpg','d3020996658243eeb3f564ab22330295.jpg',24766,'true',to_date('19/11/04','RR/MM/DD'),to_date('19/11/04','RR/MM/DD'),22);
Insert into JBGD.ITEM_IMG (ITEM_IMG_NO,ITEM_ORIGINAL_IMG_NAME,ITEM_STORED_IMG_NAME,ITEM_IMG_SIZE,ITEM_IMG_THUMBNAIL,ITEM_IMG_CRE_DATE,ITEM_IMG_MOD_DATE,ITEM_NO) values (45,'뭔가 뿌려지 젤리.jpg','372d7e594fb040aa8471cdf63697ac11.jpg',286184,'false',to_date('19/11/04','RR/MM/DD'),to_date('19/11/04','RR/MM/DD'),22);
Insert into JBGD.ITEM_IMG (ITEM_IMG_NO,ITEM_ORIGINAL_IMG_NAME,ITEM_STORED_IMG_NAME,ITEM_IMG_SIZE,ITEM_IMG_THUMBNAIL,ITEM_IMG_CRE_DATE,ITEM_IMG_MOD_DATE,ITEM_NO) values (46,'털키 젤리.jpg','19e20a1e57404a8385f1cf89978297d1.jpg',13195,'false',to_date('19/11/04','RR/MM/DD'),to_date('19/11/04','RR/MM/DD'),22);
Insert into JBGD.ITEM_IMG (ITEM_IMG_NO,ITEM_ORIGINAL_IMG_NAME,ITEM_STORED_IMG_NAME,ITEM_IMG_SIZE,ITEM_IMG_THUMBNAIL,ITEM_IMG_CRE_DATE,ITEM_IMG_MOD_DATE,ITEM_NO) values (47,'롤리팟.jpg','eaedbd7bdc764d058d1e92c0ff21167b.jpg',94399,'true',to_date('19/11/04','RR/MM/DD'),to_date('19/11/04','RR/MM/DD'),23);
Insert into JBGD.ITEM_IMG (ITEM_IMG_NO,ITEM_ORIGINAL_IMG_NAME,ITEM_STORED_IMG_NAME,ITEM_IMG_SIZE,ITEM_IMG_THUMBNAIL,ITEM_IMG_CRE_DATE,ITEM_IMG_MOD_DATE,ITEM_NO) values (48,'눈깔 사탕.jpg','c8f51c07be5242d384c95dd2c2b2b42c.jpg',93114,'false',to_date('19/11/04','RR/MM/DD'),to_date('19/11/04','RR/MM/DD'),23);
Insert into JBGD.ITEM_IMG (ITEM_IMG_NO,ITEM_ORIGINAL_IMG_NAME,ITEM_STORED_IMG_NAME,ITEM_IMG_SIZE,ITEM_IMG_THUMBNAIL,ITEM_IMG_CRE_DATE,ITEM_IMG_MOD_DATE,ITEM_NO) values (49,'롤리팟.jpg','ef485c5c1d184e36a9d080dcfe8a05be.jpg',94399,'false',to_date('19/11/04','RR/MM/DD'),to_date('19/11/04','RR/MM/DD'),23);
Insert into JBGD.ITEM_IMG (ITEM_IMG_NO,ITEM_ORIGINAL_IMG_NAME,ITEM_STORED_IMG_NAME,ITEM_IMG_SIZE,ITEM_IMG_THUMBNAIL,ITEM_IMG_CRE_DATE,ITEM_IMG_MOD_DATE,ITEM_NO) values (50,'슈파 캔디.jpg','0c7a89b197b245f9a448563f0e9534c2.jpg',125847,'false',to_date('19/11/04','RR/MM/DD'),to_date('19/11/04','RR/MM/DD'),23);
Insert into JBGD.ITEM_IMG (ITEM_IMG_NO,ITEM_ORIGINAL_IMG_NAME,ITEM_STORED_IMG_NAME,ITEM_IMG_SIZE,ITEM_IMG_THUMBNAIL,ITEM_IMG_CRE_DATE,ITEM_IMG_MOD_DATE,ITEM_NO) values (51,'케인 캔디.jpg','aabe3664b57c430aa35a27136f7c82c6.jpg',306967,'false',to_date('19/11/04','RR/MM/DD'),to_date('19/11/04','RR/MM/DD'),23);
Insert into JBGD.ITEM_IMG (ITEM_IMG_NO,ITEM_ORIGINAL_IMG_NAME,ITEM_STORED_IMG_NAME,ITEM_IMG_SIZE,ITEM_IMG_THUMBNAIL,ITEM_IMG_CRE_DATE,ITEM_IMG_MOD_DATE,ITEM_NO) values (52,'젤리빈.jpg','9f1223b567524ceea27ad292cd9e3ca4.jpg',446735,'true',to_date('19/11/04','RR/MM/DD'),to_date('19/11/04','RR/MM/DD'),24);
Insert into JBGD.ITEM_IMG (ITEM_IMG_NO,ITEM_ORIGINAL_IMG_NAME,ITEM_STORED_IMG_NAME,ITEM_IMG_SIZE,ITEM_IMG_THUMBNAIL,ITEM_IMG_CRE_DATE,ITEM_IMG_MOD_DATE,ITEM_NO) values (53,'뱀 젤리.jpg','0c36e5ecdf1b4bb8b1f16a07c8cffd79.jpg',36005,'false',to_date('19/11/04','RR/MM/DD'),to_date('19/11/04','RR/MM/DD'),24);
Insert into JBGD.ITEM_IMG (ITEM_IMG_NO,ITEM_ORIGINAL_IMG_NAME,ITEM_STORED_IMG_NAME,ITEM_IMG_SIZE,ITEM_IMG_THUMBNAIL,ITEM_IMG_CRE_DATE,ITEM_IMG_MOD_DATE,ITEM_NO) values (54,'왕꿈틀이.png','6a3135b275a443a9a899897adf88e938.png',222665,'false',to_date('19/11/04','RR/MM/DD'),to_date('19/11/04','RR/MM/DD'),24);
Insert into JBGD.ITEM_IMG (ITEM_IMG_NO,ITEM_ORIGINAL_IMG_NAME,ITEM_STORED_IMG_NAME,ITEM_IMG_SIZE,ITEM_IMG_THUMBNAIL,ITEM_IMG_CRE_DATE,ITEM_IMG_MOD_DATE,ITEM_NO) values (55,'하리보.jpg','1b586cae9b544cb5b8c3f9a94e9c3c9a.jpg',33277,'false',to_date('19/11/04','RR/MM/DD'),to_date('19/11/04','RR/MM/DD'),24);
Insert into JBGD.ITEM_IMG (ITEM_IMG_NO,ITEM_ORIGINAL_IMG_NAME,ITEM_STORED_IMG_NAME,ITEM_IMG_SIZE,ITEM_IMG_THUMBNAIL,ITEM_IMG_CRE_DATE,ITEM_IMG_MOD_DATE,ITEM_NO) values (56,'젤리빈.jpg','a5a1e6c5f58645838c32f171c4489e56.jpg',446735,'false',to_date('19/11/04','RR/MM/DD'),to_date('19/11/04','RR/MM/DD'),24);
Insert into JBGD.ITEM_IMG (ITEM_IMG_NO,ITEM_ORIGINAL_IMG_NAME,ITEM_STORED_IMG_NAME,ITEM_IMG_SIZE,ITEM_IMG_THUMBNAIL,ITEM_IMG_CRE_DATE,ITEM_IMG_MOD_DATE,ITEM_NO) values (57,'뻥튀기.jpg','b18aaf3a815a423c84720f4721a17229.jpg',102650,'true',to_date('19/11/04','RR/MM/DD'),to_date('19/11/04','RR/MM/DD'),25);
Insert into JBGD.ITEM_IMG (ITEM_IMG_NO,ITEM_ORIGINAL_IMG_NAME,ITEM_STORED_IMG_NAME,ITEM_IMG_SIZE,ITEM_IMG_THUMBNAIL,ITEM_IMG_CRE_DATE,ITEM_IMG_MOD_DATE,ITEM_NO) values (58,'떡 뻥튀기.jpg','b21eff18ad274e4f9ca51f7aa54b8bb5.jpg',85450,'false',to_date('19/11/04','RR/MM/DD'),to_date('19/11/04','RR/MM/DD'),25);
Insert into JBGD.ITEM_IMG (ITEM_IMG_NO,ITEM_ORIGINAL_IMG_NAME,ITEM_STORED_IMG_NAME,ITEM_IMG_SIZE,ITEM_IMG_THUMBNAIL,ITEM_IMG_CRE_DATE,ITEM_IMG_MOD_DATE,ITEM_NO) values (59,'강냉이.jpg','74e2b43126b34beaac495e850f8d630d.jpg',139856,'false',to_date('19/11/04','RR/MM/DD'),to_date('19/11/04','RR/MM/DD'),25);
Insert into JBGD.ITEM_IMG (ITEM_IMG_NO,ITEM_ORIGINAL_IMG_NAME,ITEM_STORED_IMG_NAME,ITEM_IMG_SIZE,ITEM_IMG_THUMBNAIL,ITEM_IMG_CRE_DATE,ITEM_IMG_MOD_DATE,ITEM_NO) values (60,'마카로니 뻥투기.jpg','58380bd83ba24826b5bdb4401bd1eff9.jpg',72329,'false',to_date('19/11/04','RR/MM/DD'),to_date('19/11/04','RR/MM/DD'),25);
Insert into JBGD.ITEM_IMG (ITEM_IMG_NO,ITEM_ORIGINAL_IMG_NAME,ITEM_STORED_IMG_NAME,ITEM_IMG_SIZE,ITEM_IMG_THUMBNAIL,ITEM_IMG_CRE_DATE,ITEM_IMG_MOD_DATE,ITEM_NO) values (61,'뻥튀기.jpg','5fc4968f2ee54b189603ceef1b88937e.jpg',102650,'false',to_date('19/11/04','RR/MM/DD'),to_date('19/11/04','RR/MM/DD'),25);
Insert into JBGD.ITEM_IMG (ITEM_IMG_NO,ITEM_ORIGINAL_IMG_NAME,ITEM_STORED_IMG_NAME,ITEM_IMG_SIZE,ITEM_IMG_THUMBNAIL,ITEM_IMG_CRE_DATE,ITEM_IMG_MOD_DATE,ITEM_NO) values (62,'여럿 도넛.jpg','77bc2126bde84caeb9f1015a84276d95.jpg',21164,'true',to_date('19/11/04','RR/MM/DD'),to_date('19/11/04','RR/MM/DD'),26);
Insert into JBGD.ITEM_IMG (ITEM_IMG_NO,ITEM_ORIGINAL_IMG_NAME,ITEM_STORED_IMG_NAME,ITEM_IMG_SIZE,ITEM_IMG_THUMBNAIL,ITEM_IMG_CRE_DATE,ITEM_IMG_MOD_DATE,ITEM_NO) values (63,'초코 도넛.jpg','f5ca324ce3204554a93ad24a908af614.jpg',56219,'false',to_date('19/11/04','RR/MM/DD'),to_date('19/11/04','RR/MM/DD'),26);
Insert into JBGD.ITEM_IMG (ITEM_IMG_NO,ITEM_ORIGINAL_IMG_NAME,ITEM_STORED_IMG_NAME,ITEM_IMG_SIZE,ITEM_IMG_THUMBNAIL,ITEM_IMG_CRE_DATE,ITEM_IMG_MOD_DATE,ITEM_NO) values (64,'크리스피 도넛.png','0cd9fcc2043e4a8e95207e18ab9b511e.png',339529,'false',to_date('19/11/04','RR/MM/DD'),to_date('19/11/04','RR/MM/DD'),26);
Insert into JBGD.ITEM_IMG (ITEM_IMG_NO,ITEM_ORIGINAL_IMG_NAME,ITEM_STORED_IMG_NAME,ITEM_IMG_SIZE,ITEM_IMG_THUMBNAIL,ITEM_IMG_CRE_DATE,ITEM_IMG_MOD_DATE,ITEM_NO) values (65,'케이크의 표본.jpg','c3b3d95f3d804f2588a3ac2df204d709.jpg',6298,'true',to_date('19/11/04','RR/MM/DD'),to_date('19/11/04','RR/MM/DD'),27);
Insert into JBGD.ITEM_IMG (ITEM_IMG_NO,ITEM_ORIGINAL_IMG_NAME,ITEM_STORED_IMG_NAME,ITEM_IMG_SIZE,ITEM_IMG_THUMBNAIL,ITEM_IMG_CRE_DATE,ITEM_IMG_MOD_DATE,ITEM_NO) values (66,'carrot.webp','c8553a9774c0456a897772b72c74258a.webp',53928,'false',to_date('19/11/04','RR/MM/DD'),to_date('19/11/04','RR/MM/DD'),27);
Insert into JBGD.ITEM_IMG (ITEM_IMG_NO,ITEM_ORIGINAL_IMG_NAME,ITEM_STORED_IMG_NAME,ITEM_IMG_SIZE,ITEM_IMG_THUMBNAIL,ITEM_IMG_CRE_DATE,ITEM_IMG_MOD_DATE,ITEM_NO) values (67,'chocolate.webp','25e880f580dd4ad4aa06547add247d87.webp',55214,'false',to_date('19/11/04','RR/MM/DD'),to_date('19/11/04','RR/MM/DD'),27);
Insert into JBGD.ITEM_IMG (ITEM_IMG_NO,ITEM_ORIGINAL_IMG_NAME,ITEM_STORED_IMG_NAME,ITEM_IMG_SIZE,ITEM_IMG_THUMBNAIL,ITEM_IMG_CRE_DATE,ITEM_IMG_MOD_DATE,ITEM_NO) values (68,'DDAlgi cake.jpg','778a078a87d24cdb88127743a7b31cc7.jpg',6723,'false',to_date('19/11/04','RR/MM/DD'),to_date('19/11/04','RR/MM/DD'),27);
Insert into JBGD.ITEM_IMG (ITEM_IMG_NO,ITEM_ORIGINAL_IMG_NAME,ITEM_STORED_IMG_NAME,ITEM_IMG_SIZE,ITEM_IMG_THUMBNAIL,ITEM_IMG_CRE_DATE,ITEM_IMG_MOD_DATE,ITEM_NO) values (69,'green tea cake.jpg','3c179810beb348ef86fb620d9e2785ba.jpg',4788,'false',to_date('19/11/04','RR/MM/DD'),to_date('19/11/04','RR/MM/DD'),27);
Insert into JBGD.ITEM_IMG (ITEM_IMG_NO,ITEM_ORIGINAL_IMG_NAME,ITEM_STORED_IMG_NAME,ITEM_IMG_SIZE,ITEM_IMG_THUMBNAIL,ITEM_IMG_CRE_DATE,ITEM_IMG_MOD_DATE,ITEM_NO) values (70,'과일 케이크.png','7b10cd6353814d36bd2b92e5a7f41ec1.png',1264800,'false',to_date('19/11/04','RR/MM/DD'),to_date('19/11/04','RR/MM/DD'),27);
Insert into JBGD.ITEM_IMG (ITEM_IMG_NO,ITEM_ORIGINAL_IMG_NAME,ITEM_STORED_IMG_NAME,ITEM_IMG_SIZE,ITEM_IMG_THUMBNAIL,ITEM_IMG_CRE_DATE,ITEM_IMG_MOD_DATE,ITEM_NO) values (71,'치즈 케잌.jpg','a23667cba0c044b294f9d86272d24cb6.jpg',66676,'false',to_date('19/11/04','RR/MM/DD'),to_date('19/11/04','RR/MM/DD'),27);
Insert into JBGD.ITEM_IMG (ITEM_IMG_NO,ITEM_ORIGINAL_IMG_NAME,ITEM_STORED_IMG_NAME,ITEM_IMG_SIZE,ITEM_IMG_THUMBNAIL,ITEM_IMG_CRE_DATE,ITEM_IMG_MOD_DATE,ITEM_NO) values (72,'컵케잌들.jpg','bcdf4a049b9443c388b17d8c9a5c683b.jpg',12319,'true',to_date('19/11/04','RR/MM/DD'),to_date('19/11/04','RR/MM/DD'),28);
Insert into JBGD.ITEM_IMG (ITEM_IMG_NO,ITEM_ORIGINAL_IMG_NAME,ITEM_STORED_IMG_NAME,ITEM_IMG_SIZE,ITEM_IMG_THUMBNAIL,ITEM_IMG_CRE_DATE,ITEM_IMG_MOD_DATE,ITEM_NO) values (73,'chocolate cupcake.jpg','ae0ba1e34fb74e0fa1ffaea0e0264daa.jpg',29278,'false',to_date('19/11/04','RR/MM/DD'),to_date('19/11/04','RR/MM/DD'),28);
Insert into JBGD.ITEM_IMG (ITEM_IMG_NO,ITEM_ORIGINAL_IMG_NAME,ITEM_STORED_IMG_NAME,ITEM_IMG_SIZE,ITEM_IMG_THUMBNAIL,ITEM_IMG_CRE_DATE,ITEM_IMG_MOD_DATE,ITEM_NO) values (74,'strawberry cupcake.jpg','11c6fef134e64760940a3baed47cd632.jpg',140019,'false',to_date('19/11/04','RR/MM/DD'),to_date('19/11/04','RR/MM/DD'),28);
Insert into JBGD.ITEM_IMG (ITEM_IMG_NO,ITEM_ORIGINAL_IMG_NAME,ITEM_STORED_IMG_NAME,ITEM_IMG_SIZE,ITEM_IMG_THUMBNAIL,ITEM_IMG_CRE_DATE,ITEM_IMG_MOD_DATE,ITEM_NO) values (75,'딸기 컵케잌.jpg','e6562a9a8308413fbef7912f72c90e14.jpg',401802,'false',to_date('19/11/04','RR/MM/DD'),to_date('19/11/04','RR/MM/DD'),28);
Insert into JBGD.ITEM_IMG (ITEM_IMG_NO,ITEM_ORIGINAL_IMG_NAME,ITEM_STORED_IMG_NAME,ITEM_IMG_SIZE,ITEM_IMG_THUMBNAIL,ITEM_IMG_CRE_DATE,ITEM_IMG_MOD_DATE,ITEM_NO) values (76,'뉴욕 컵케잌.jpg','f61077f281f443d6bb21c9ff35b5ce8d.jpg',10211,'false',to_date('19/11/04','RR/MM/DD'),to_date('19/11/04','RR/MM/DD'),28);
Insert into JBGD.ITEM_IMG (ITEM_IMG_NO,ITEM_ORIGINAL_IMG_NAME,ITEM_STORED_IMG_NAME,ITEM_IMG_SIZE,ITEM_IMG_THUMBNAIL,ITEM_IMG_CRE_DATE,ITEM_IMG_MOD_DATE,ITEM_NO) values (77,'블베 컵케잌.jpg','9290068725464983bb11423c53fe17f1.jpg',8200,'false',to_date('19/11/04','RR/MM/DD'),to_date('19/11/04','RR/MM/DD'),28);
Insert into JBGD.ITEM_IMG (ITEM_IMG_NO,ITEM_ORIGINAL_IMG_NAME,ITEM_STORED_IMG_NAME,ITEM_IMG_SIZE,ITEM_IMG_THUMBNAIL,ITEM_IMG_CRE_DATE,ITEM_IMG_MOD_DATE,ITEM_NO) values (78,'할로윈 케잌.jpg','ec61316ee99747aeb946caea842e0e1b.jpg',10726,'false',to_date('19/11/04','RR/MM/DD'),to_date('19/11/04','RR/MM/DD'),28);
Insert into JBGD.ITEM_IMG (ITEM_IMG_NO,ITEM_ORIGINAL_IMG_NAME,ITEM_STORED_IMG_NAME,ITEM_IMG_SIZE,ITEM_IMG_THUMBNAIL,ITEM_IMG_CRE_DATE,ITEM_IMG_MOD_DATE,ITEM_NO) values (79,'카스타드 푸딩.jpg','a242230b2e244c91a5fbcabe937e7e45.jpg',74153,'true',to_date('19/11/04','RR/MM/DD'),to_date('19/11/04','RR/MM/DD'),29);
Insert into JBGD.ITEM_IMG (ITEM_IMG_NO,ITEM_ORIGINAL_IMG_NAME,ITEM_STORED_IMG_NAME,ITEM_IMG_SIZE,ITEM_IMG_THUMBNAIL,ITEM_IMG_CRE_DATE,ITEM_IMG_MOD_DATE,ITEM_NO) values (80,'양동이 풀딩.jpg','625cca9a6f0246bba2292e7a5b864a00.jpg',51991,'false',to_date('19/11/04','RR/MM/DD'),to_date('19/11/04','RR/MM/DD'),29);
Insert into JBGD.ITEM_IMG (ITEM_IMG_NO,ITEM_ORIGINAL_IMG_NAME,ITEM_STORED_IMG_NAME,ITEM_IMG_SIZE,ITEM_IMG_THUMBNAIL,ITEM_IMG_CRE_DATE,ITEM_IMG_MOD_DATE,ITEM_NO) values (81,'녹차 푸딩.png','fb24e51c58904013a3c3ddfda83659dd.png',567116,'false',to_date('19/11/04','RR/MM/DD'),to_date('19/11/04','RR/MM/DD'),29);
Insert into JBGD.ITEM_IMG (ITEM_IMG_NO,ITEM_ORIGINAL_IMG_NAME,ITEM_STORED_IMG_NAME,ITEM_IMG_SIZE,ITEM_IMG_THUMBNAIL,ITEM_IMG_CRE_DATE,ITEM_IMG_MOD_DATE,ITEM_NO) values (82,'누텔라 푸딩.jpg','7be4be9185304e1585ef33613a7e82e3.jpg',568966,'false',to_date('19/11/04','RR/MM/DD'),to_date('19/11/04','RR/MM/DD'),29);
Insert into JBGD.ITEM_IMG (ITEM_IMG_NO,ITEM_ORIGINAL_IMG_NAME,ITEM_STORED_IMG_NAME,ITEM_IMG_SIZE,ITEM_IMG_THUMBNAIL,ITEM_IMG_CRE_DATE,ITEM_IMG_MOD_DATE,ITEM_NO) values (83,'카스타드 푸딩.jpg','df9b67ceb7c0480caecf94157ac441f9.jpg',74153,'false',to_date('19/11/04','RR/MM/DD'),to_date('19/11/04','RR/MM/DD'),29);
Insert into JBGD.ITEM_IMG (ITEM_IMG_NO,ITEM_ORIGINAL_IMG_NAME,ITEM_STORED_IMG_NAME,ITEM_IMG_SIZE,ITEM_IMG_THUMBNAIL,ITEM_IMG_CRE_DATE,ITEM_IMG_MOD_DATE,ITEM_NO) values (84,'토핑되는 푸딩.jpg','affc4db1a8a0460e9c05fa355856c1d6.jpg',242473,'false',to_date('19/11/04','RR/MM/DD'),to_date('19/11/04','RR/MM/DD'),29);
Insert into JBGD.ITEM_IMG (ITEM_IMG_NO,ITEM_ORIGINAL_IMG_NAME,ITEM_STORED_IMG_NAME,ITEM_IMG_SIZE,ITEM_IMG_THUMBNAIL,ITEM_IMG_CRE_DATE,ITEM_IMG_MOD_DATE,ITEM_NO) values (85,'후르츠 푿잉.jpg','4e8c3b17be374cfe9c9f8156b95a2d02.jpg',85532,'false',to_date('19/11/04','RR/MM/DD'),to_date('19/11/04','RR/MM/DD'),29);
Insert into JBGD.ITEM_IMG (ITEM_IMG_NO,ITEM_ORIGINAL_IMG_NAME,ITEM_STORED_IMG_NAME,ITEM_IMG_SIZE,ITEM_IMG_THUMBNAIL,ITEM_IMG_CRE_DATE,ITEM_IMG_MOD_DATE,ITEM_NO) values (86,'아이스크림.jpg','a4183c61a13045c09cc7330c2aa24bd2.jpg',133267,'true',to_date('19/11/04','RR/MM/DD'),to_date('19/11/04','RR/MM/DD'),30);
Insert into JBGD.ITEM_IMG (ITEM_IMG_NO,ITEM_ORIGINAL_IMG_NAME,ITEM_STORED_IMG_NAME,ITEM_IMG_SIZE,ITEM_IMG_THUMBNAIL,ITEM_IMG_CRE_DATE,ITEM_IMG_MOD_DATE,ITEM_NO) values (87,'소프트 아이스크림.jpg','3f06275311a1452491b92c9adecbbf41.jpg',120661,'false',to_date('19/11/04','RR/MM/DD'),to_date('19/11/04','RR/MM/DD'),30);
Insert into JBGD.ITEM_IMG (ITEM_IMG_NO,ITEM_ORIGINAL_IMG_NAME,ITEM_STORED_IMG_NAME,ITEM_IMG_SIZE,ITEM_IMG_THUMBNAIL,ITEM_IMG_CRE_DATE,ITEM_IMG_MOD_DATE,ITEM_NO) values (88,'뤠인보으.jpg','8ee80103fc4b4d67b9ce9e75189e5e9f.jpg',60165,'false',to_date('19/11/04','RR/MM/DD'),to_date('19/11/04','RR/MM/DD'),30);
Insert into JBGD.ITEM_IMG (ITEM_IMG_NO,ITEM_ORIGINAL_IMG_NAME,ITEM_STORED_IMG_NAME,ITEM_IMG_SIZE,ITEM_IMG_THUMBNAIL,ITEM_IMG_CRE_DATE,ITEM_IMG_MOD_DATE,ITEM_NO) values (89,'붕어빵 아이스크림.jpg','447555e27584444b97b14c234e8d2843.jpg',92928,'false',to_date('19/11/04','RR/MM/DD'),to_date('19/11/04','RR/MM/DD'),30);
Insert into JBGD.ITEM_IMG (ITEM_IMG_NO,ITEM_ORIGINAL_IMG_NAME,ITEM_STORED_IMG_NAME,ITEM_IMG_SIZE,ITEM_IMG_THUMBNAIL,ITEM_IMG_CRE_DATE,ITEM_IMG_MOD_DATE,ITEM_NO) values (90,'슈릥스타.png','c89d68df8a0e40128ec4a372aabb16b8.png',70738,'false',to_date('19/11/04','RR/MM/DD'),to_date('19/11/04','RR/MM/DD'),30);
Insert into JBGD.ITEM_IMG (ITEM_IMG_NO,ITEM_ORIGINAL_IMG_NAME,ITEM_STORED_IMG_NAME,ITEM_IMG_SIZE,ITEM_IMG_THUMBNAIL,ITEM_IMG_CRE_DATE,ITEM_IMG_MOD_DATE,ITEM_NO) values (91,'아이스크림.jpg','bc3818af9c7a421182b0ce68bd8d8365.jpg',133267,'false',to_date('19/11/04','RR/MM/DD'),to_date('19/11/04','RR/MM/DD'),30);
Insert into JBGD.ITEM_IMG (ITEM_IMG_NO,ITEM_ORIGINAL_IMG_NAME,ITEM_STORED_IMG_NAME,ITEM_IMG_SIZE,ITEM_IMG_THUMBNAIL,ITEM_IMG_CRE_DATE,ITEM_IMG_MOD_DATE,ITEM_NO) values (92,'아이스크르ㅣㅁ 바.jpg','679ef333aa1c46aeb869e53a0e991c9e.jpg',119643,'false',to_date('19/11/04','RR/MM/DD'),to_date('19/11/04','RR/MM/DD'),30);
Insert into JBGD.ITEM_IMG (ITEM_IMG_NO,ITEM_ORIGINAL_IMG_NAME,ITEM_STORED_IMG_NAME,ITEM_IMG_SIZE,ITEM_IMG_THUMBNAIL,ITEM_IMG_CRE_DATE,ITEM_IMG_MOD_DATE,ITEM_NO) values (93,'와플 추가.jpg','0732e06e8a8e41098058a211044d1005.jpg',55905,'false',to_date('19/11/04','RR/MM/DD'),to_date('19/11/04','RR/MM/DD'),30);
Insert into JBGD.ITEM_IMG (ITEM_IMG_NO,ITEM_ORIGINAL_IMG_NAME,ITEM_STORED_IMG_NAME,ITEM_IMG_SIZE,ITEM_IMG_THUMBNAIL,ITEM_IMG_CRE_DATE,ITEM_IMG_MOD_DATE,ITEM_NO) values (94,'약과.jpg','0443f0a57b794b93b3af0af20ed8f524.jpg',95008,'true',to_date('19/11/04','RR/MM/DD'),to_date('19/11/04','RR/MM/DD'),31);
Insert into JBGD.ITEM_IMG (ITEM_IMG_NO,ITEM_ORIGINAL_IMG_NAME,ITEM_STORED_IMG_NAME,ITEM_IMG_SIZE,ITEM_IMG_THUMBNAIL,ITEM_IMG_CRE_DATE,ITEM_IMG_MOD_DATE,ITEM_NO) values (95,'네모 약과.jpg','9644de36bd3c456bb3d4cbf611fd6d14.jpg',15794,'false',to_date('19/11/04','RR/MM/DD'),to_date('19/11/04','RR/MM/DD'),31);
Insert into JBGD.ITEM_IMG (ITEM_IMG_NO,ITEM_ORIGINAL_IMG_NAME,ITEM_STORED_IMG_NAME,ITEM_IMG_SIZE,ITEM_IMG_THUMBNAIL,ITEM_IMG_CRE_DATE,ITEM_IMG_MOD_DATE,ITEM_NO) values (96,'별모양 약과.jpg','27547928d8a54710a14f06e025b6b7f1.jpg',180648,'false',to_date('19/11/04','RR/MM/DD'),to_date('19/11/04','RR/MM/DD'),31);
Insert into JBGD.ITEM_IMG (ITEM_IMG_NO,ITEM_ORIGINAL_IMG_NAME,ITEM_STORED_IMG_NAME,ITEM_IMG_SIZE,ITEM_IMG_THUMBNAIL,ITEM_IMG_CRE_DATE,ITEM_IMG_MOD_DATE,ITEM_NO) values (97,'붕어빵.jpg','68cc7c3d94424ba89fcd0522ff0f2eea.jpg',261090,'true',to_date('19/11/04','RR/MM/DD'),to_date('19/11/04','RR/MM/DD'),32);
Insert into JBGD.ITEM_IMG (ITEM_IMG_NO,ITEM_ORIGINAL_IMG_NAME,ITEM_STORED_IMG_NAME,ITEM_IMG_SIZE,ITEM_IMG_THUMBNAIL,ITEM_IMG_CRE_DATE,ITEM_IMG_MOD_DATE,ITEM_NO) values (98,'원빈 붕어빵.jpg','daa962c0fc14429ba051a83ac46f297b.jpg',161018,'false',to_date('19/11/04','RR/MM/DD'),to_date('19/11/04','RR/MM/DD'),32);
Insert into JBGD.ITEM_IMG (ITEM_IMG_NO,ITEM_ORIGINAL_IMG_NAME,ITEM_STORED_IMG_NAME,ITEM_IMG_SIZE,ITEM_IMG_THUMBNAIL,ITEM_IMG_CRE_DATE,ITEM_IMG_MOD_DATE,ITEM_NO) values (99,'마음 가득 붕어빵.jpeg','7040bb0b8e55485e95d8590f813900dd.jpeg',91105,'false',to_date('19/11/04','RR/MM/DD'),to_date('19/11/04','RR/MM/DD'),32);
Insert into JBGD.ITEM_IMG (ITEM_IMG_NO,ITEM_ORIGINAL_IMG_NAME,ITEM_STORED_IMG_NAME,ITEM_IMG_SIZE,ITEM_IMG_THUMBNAIL,ITEM_IMG_CRE_DATE,ITEM_IMG_MOD_DATE,ITEM_NO) values (100,'탕후루.jpeg','dd5cd5b25fe0468785342a38a0576a07.jpeg',91833,'true',to_date('19/11/04','RR/MM/DD'),to_date('19/11/04','RR/MM/DD'),33);
Insert into JBGD.ITEM_IMG (ITEM_IMG_NO,ITEM_ORIGINAL_IMG_NAME,ITEM_STORED_IMG_NAME,ITEM_IMG_SIZE,ITEM_IMG_THUMBNAIL,ITEM_IMG_CRE_DATE,ITEM_IMG_MOD_DATE,ITEM_NO) values (101,'귤 과 포토 탕후르.jpg','674f59b4cc2c4a93be5ee0bb168e878c.jpg',360771,'false',to_date('19/11/04','RR/MM/DD'),to_date('19/11/04','RR/MM/DD'),33);
Insert into JBGD.ITEM_IMG (ITEM_IMG_NO,ITEM_ORIGINAL_IMG_NAME,ITEM_STORED_IMG_NAME,ITEM_IMG_SIZE,ITEM_IMG_THUMBNAIL,ITEM_IMG_CRE_DATE,ITEM_IMG_MOD_DATE,ITEM_NO) values (102,'딸기 탕후르.png','9e9b64b5686d4306825e2b4fea7ff600.png',1587499,'false',to_date('19/11/04','RR/MM/DD'),to_date('19/11/04','RR/MM/DD'),33);
Insert into JBGD.ITEM_IMG (ITEM_IMG_NO,ITEM_ORIGINAL_IMG_NAME,ITEM_STORED_IMG_NAME,ITEM_IMG_SIZE,ITEM_IMG_THUMBNAIL,ITEM_IMG_CRE_DATE,ITEM_IMG_MOD_DATE,ITEM_NO) values (103,'믹스 탕후르.jpg','da5ec0c7996141468b38efc8ff7cd697.jpg',117142,'false',to_date('19/11/04','RR/MM/DD'),to_date('19/11/04','RR/MM/DD'),33);
Insert into JBGD.ITEM_IMG (ITEM_IMG_NO,ITEM_ORIGINAL_IMG_NAME,ITEM_STORED_IMG_NAME,ITEM_IMG_SIZE,ITEM_IMG_THUMBNAIL,ITEM_IMG_CRE_DATE,ITEM_IMG_MOD_DATE,ITEM_NO) values (104,'사과 탕후르.jpg','117f0e51caf44d8eb350c921260afd5f.jpg',7072,'false',to_date('19/11/04','RR/MM/DD'),to_date('19/11/04','RR/MM/DD'),33);
Insert into JBGD.ITEM_IMG (ITEM_IMG_NO,ITEM_ORIGINAL_IMG_NAME,ITEM_STORED_IMG_NAME,ITEM_IMG_SIZE,ITEM_IMG_THUMBNAIL,ITEM_IMG_CRE_DATE,ITEM_IMG_MOD_DATE,ITEM_NO) values (105,'자두 탕후르.jpg','393bfe0eec774bba865267dafe370484.jpg',654346,'false',to_date('19/11/04','RR/MM/DD'),to_date('19/11/04','RR/MM/DD'),33);


Insert into JBGD.ITEM_OPTION (ITEM_OPTION_NO,ITEM_OPTION_NAME,ITEM_OPTION_PRICE,ITEM_OPTION_STOCK,ITEM_OPTION_SOLD_COUNT,ITEM_OPTION_CRE_DATE,ITEM_OPTION_MOD_DATE,ITEM_OPTION_STATE,ITEM_NO) values (3,'5개',0,50,0,to_date('19/10/30','RR/MM/DD'),to_date('19/10/30','RR/MM/DD'),'활성화',2);
Insert into JBGD.ITEM_OPTION (ITEM_OPTION_NO,ITEM_OPTION_NAME,ITEM_OPTION_PRICE,ITEM_OPTION_STOCK,ITEM_OPTION_SOLD_COUNT,ITEM_OPTION_CRE_DATE,ITEM_OPTION_MOD_DATE,ITEM_OPTION_STATE,ITEM_NO) values (4,'7개',2500,50,0,to_date('19/10/30','RR/MM/DD'),to_date('19/10/30','RR/MM/DD'),'활성화',2);
Insert into JBGD.ITEM_OPTION (ITEM_OPTION_NO,ITEM_OPTION_NAME,ITEM_OPTION_PRICE,ITEM_OPTION_STOCK,ITEM_OPTION_SOLD_COUNT,ITEM_OPTION_CRE_DATE,ITEM_OPTION_MOD_DATE,ITEM_OPTION_STATE,ITEM_NO) values (5,'10개',5000,50,0,to_date('19/10/30','RR/MM/DD'),to_date('19/10/30','RR/MM/DD'),'활성화',2);
Insert into JBGD.ITEM_OPTION (ITEM_OPTION_NO,ITEM_OPTION_NAME,ITEM_OPTION_PRICE,ITEM_OPTION_STOCK,ITEM_OPTION_SOLD_COUNT,ITEM_OPTION_CRE_DATE,ITEM_OPTION_MOD_DATE,ITEM_OPTION_STATE,ITEM_NO) values (6,'기본',0,50,0,to_date('19/10/30','RR/MM/DD'),to_date('19/10/30','RR/MM/DD'),'활성화',3);
Insert into JBGD.ITEM_OPTION (ITEM_OPTION_NO,ITEM_OPTION_NAME,ITEM_OPTION_PRICE,ITEM_OPTION_STOCK,ITEM_OPTION_SOLD_COUNT,ITEM_OPTION_CRE_DATE,ITEM_OPTION_MOD_DATE,ITEM_OPTION_STATE,ITEM_NO) values (7,'기본',0,50,0,to_date('19/10/30','RR/MM/DD'),to_date('19/10/30','RR/MM/DD'),'활성화',4);
Insert into JBGD.ITEM_OPTION (ITEM_OPTION_NO,ITEM_OPTION_NAME,ITEM_OPTION_PRICE,ITEM_OPTION_STOCK,ITEM_OPTION_SOLD_COUNT,ITEM_OPTION_CRE_DATE,ITEM_OPTION_MOD_DATE,ITEM_OPTION_STATE,ITEM_NO) values (8,'오레오',500,50,0,to_date('19/10/30','RR/MM/DD'),to_date('19/10/30','RR/MM/DD'),'활성화',4);
Insert into JBGD.ITEM_OPTION (ITEM_OPTION_NO,ITEM_OPTION_NAME,ITEM_OPTION_PRICE,ITEM_OPTION_STOCK,ITEM_OPTION_SOLD_COUNT,ITEM_OPTION_CRE_DATE,ITEM_OPTION_MOD_DATE,ITEM_OPTION_STATE,ITEM_NO) values (9,'초코칩',300,50,0,to_date('19/10/30','RR/MM/DD'),to_date('19/10/30','RR/MM/DD'),'활성화',4);
Insert into JBGD.ITEM_OPTION (ITEM_OPTION_NO,ITEM_OPTION_NAME,ITEM_OPTION_PRICE,ITEM_OPTION_STOCK,ITEM_OPTION_SOLD_COUNT,ITEM_OPTION_CRE_DATE,ITEM_OPTION_MOD_DATE,ITEM_OPTION_STATE,ITEM_NO) values (1,'기본',0,50,0,to_date('19/10/30','RR/MM/DD'),to_date('19/10/30','RR/MM/DD'),'활성화',1);
Insert into JBGD.ITEM_OPTION (ITEM_OPTION_NO,ITEM_OPTION_NAME,ITEM_OPTION_PRICE,ITEM_OPTION_STOCK,ITEM_OPTION_SOLD_COUNT,ITEM_OPTION_CRE_DATE,ITEM_OPTION_MOD_DATE,ITEM_OPTION_STATE,ITEM_NO) values (2,'미니',0,50,0,to_date('19/10/30','RR/MM/DD'),to_date('19/10/30','RR/MM/DD'),'활성화',1);
Insert into JBGD.ITEM_OPTION (ITEM_OPTION_NO,ITEM_OPTION_NAME,ITEM_OPTION_PRICE,ITEM_OPTION_STOCK,ITEM_OPTION_SOLD_COUNT,ITEM_OPTION_CRE_DATE,ITEM_OPTION_MOD_DATE,ITEM_OPTION_STATE,ITEM_NO) values (10,'5개',0,50,0,to_date('19/10/30','RR/MM/DD'),to_date('19/10/30','RR/MM/DD'),'활성화',5);
Insert into JBGD.ITEM_OPTION (ITEM_OPTION_NO,ITEM_OPTION_NAME,ITEM_OPTION_PRICE,ITEM_OPTION_STOCK,ITEM_OPTION_SOLD_COUNT,ITEM_OPTION_CRE_DATE,ITEM_OPTION_MOD_DATE,ITEM_OPTION_STATE,ITEM_NO) values (11,'10개',4000,50,0,to_date('19/10/30','RR/MM/DD'),to_date('19/10/30','RR/MM/DD'),'활성화',5);
Insert into JBGD.ITEM_OPTION (ITEM_OPTION_NO,ITEM_OPTION_NAME,ITEM_OPTION_PRICE,ITEM_OPTION_STOCK,ITEM_OPTION_SOLD_COUNT,ITEM_OPTION_CRE_DATE,ITEM_OPTION_MOD_DATE,ITEM_OPTION_STATE,ITEM_NO) values (12,'15개',7500,50,0,to_date('19/10/30','RR/MM/DD'),to_date('19/10/30','RR/MM/DD'),'활성화',5);
Insert into JBGD.ITEM_OPTION (ITEM_OPTION_NO,ITEM_OPTION_NAME,ITEM_OPTION_PRICE,ITEM_OPTION_STOCK,ITEM_OPTION_SOLD_COUNT,ITEM_OPTION_CRE_DATE,ITEM_OPTION_MOD_DATE,ITEM_OPTION_STATE,ITEM_NO) values (13,'5개',0,50,0,to_date('19/10/30','RR/MM/DD'),to_date('19/10/30','RR/MM/DD'),'활성화',6);
Insert into JBGD.ITEM_OPTION (ITEM_OPTION_NO,ITEM_OPTION_NAME,ITEM_OPTION_PRICE,ITEM_OPTION_STOCK,ITEM_OPTION_SOLD_COUNT,ITEM_OPTION_CRE_DATE,ITEM_OPTION_MOD_DATE,ITEM_OPTION_STATE,ITEM_NO) values (14,'10개',3500,50,0,to_date('19/10/30','RR/MM/DD'),to_date('19/10/30','RR/MM/DD'),'활성화',6);
Insert into JBGD.ITEM_OPTION (ITEM_OPTION_NO,ITEM_OPTION_NAME,ITEM_OPTION_PRICE,ITEM_OPTION_STOCK,ITEM_OPTION_SOLD_COUNT,ITEM_OPTION_CRE_DATE,ITEM_OPTION_MOD_DATE,ITEM_OPTION_STATE,ITEM_NO) values (15,'15개',6000,50,0,to_date('19/10/30','RR/MM/DD'),to_date('19/10/30','RR/MM/DD'),'활성화',6);
Insert into JBGD.ITEM_OPTION (ITEM_OPTION_NO,ITEM_OPTION_NAME,ITEM_OPTION_PRICE,ITEM_OPTION_STOCK,ITEM_OPTION_SOLD_COUNT,ITEM_OPTION_CRE_DATE,ITEM_OPTION_MOD_DATE,ITEM_OPTION_STATE,ITEM_NO) values (16,'1조각',0,50,0,to_date('19/10/30','RR/MM/DD'),to_date('19/10/30','RR/MM/DD'),'활성화',7);
Insert into JBGD.ITEM_OPTION (ITEM_OPTION_NO,ITEM_OPTION_NAME,ITEM_OPTION_PRICE,ITEM_OPTION_STOCK,ITEM_OPTION_SOLD_COUNT,ITEM_OPTION_CRE_DATE,ITEM_OPTION_MOD_DATE,ITEM_OPTION_STATE,ITEM_NO) values (17,'4조각(하프 사이즈)',20000,50,0,to_date('19/10/30','RR/MM/DD'),to_date('19/10/30','RR/MM/DD'),'활성화',7);
Insert into JBGD.ITEM_OPTION (ITEM_OPTION_NO,ITEM_OPTION_NAME,ITEM_OPTION_PRICE,ITEM_OPTION_STOCK,ITEM_OPTION_SOLD_COUNT,ITEM_OPTION_CRE_DATE,ITEM_OPTION_MOD_DATE,ITEM_OPTION_STATE,ITEM_NO) values (18,'8조각(홀 사이즈)',43500,50,0,to_date('19/10/30','RR/MM/DD'),to_date('19/10/30','RR/MM/DD'),'활성화',7);
Insert into JBGD.ITEM_OPTION (ITEM_OPTION_NO,ITEM_OPTION_NAME,ITEM_OPTION_PRICE,ITEM_OPTION_STOCK,ITEM_OPTION_SOLD_COUNT,ITEM_OPTION_CRE_DATE,ITEM_OPTION_MOD_DATE,ITEM_OPTION_STATE,ITEM_NO) values (19,'기본',0,50,0,to_date('19/10/30','RR/MM/DD'),to_date('19/10/30','RR/MM/DD'),'활성화',8);
Insert into JBGD.ITEM_OPTION (ITEM_OPTION_NO,ITEM_OPTION_NAME,ITEM_OPTION_PRICE,ITEM_OPTION_STOCK,ITEM_OPTION_SOLD_COUNT,ITEM_OPTION_CRE_DATE,ITEM_OPTION_MOD_DATE,ITEM_OPTION_STATE,ITEM_NO) values (20,'초코',0,50,0,to_date('19/10/30','RR/MM/DD'),to_date('19/10/30','RR/MM/DD'),'활성화',9);
Insert into JBGD.ITEM_OPTION (ITEM_OPTION_NO,ITEM_OPTION_NAME,ITEM_OPTION_PRICE,ITEM_OPTION_STOCK,ITEM_OPTION_SOLD_COUNT,ITEM_OPTION_CRE_DATE,ITEM_OPTION_MOD_DATE,ITEM_OPTION_STATE,ITEM_NO) values (21,'녹차',1000,50,0,to_date('19/10/30','RR/MM/DD'),to_date('19/10/30','RR/MM/DD'),'활성화',9);
Insert into JBGD.ITEM_OPTION (ITEM_OPTION_NO,ITEM_OPTION_NAME,ITEM_OPTION_PRICE,ITEM_OPTION_STOCK,ITEM_OPTION_SOLD_COUNT,ITEM_OPTION_CRE_DATE,ITEM_OPTION_MOD_DATE,ITEM_OPTION_STATE,ITEM_NO) values (22,'초코 + 녹차',1000,50,0,to_date('19/10/30','RR/MM/DD'),to_date('19/10/30','RR/MM/DD'),'활성화',9);
Insert into JBGD.ITEM_OPTION (ITEM_OPTION_NO,ITEM_OPTION_NAME,ITEM_OPTION_PRICE,ITEM_OPTION_STOCK,ITEM_OPTION_SOLD_COUNT,ITEM_OPTION_CRE_DATE,ITEM_OPTION_MOD_DATE,ITEM_OPTION_STATE,ITEM_NO) values (41,'기본',0,50,0,to_date('19/11/04','RR/MM/DD'),to_date('19/11/04','RR/MM/DD'),'활성화',21);
Insert into JBGD.ITEM_OPTION (ITEM_OPTION_NO,ITEM_OPTION_NAME,ITEM_OPTION_PRICE,ITEM_OPTION_STOCK,ITEM_OPTION_SOLD_COUNT,ITEM_OPTION_CRE_DATE,ITEM_OPTION_MOD_DATE,ITEM_OPTION_STATE,ITEM_NO) values (42,'딸기맛',500,39,0,to_date('19/11/04','RR/MM/DD'),to_date('19/11/04','RR/MM/DD'),'활성화',21);
Insert into JBGD.ITEM_OPTION (ITEM_OPTION_NO,ITEM_OPTION_NAME,ITEM_OPTION_PRICE,ITEM_OPTION_STOCK,ITEM_OPTION_SOLD_COUNT,ITEM_OPTION_CRE_DATE,ITEM_OPTION_MOD_DATE,ITEM_OPTION_STATE,ITEM_NO) values (43,'녹차맛',500,21,0,to_date('19/11/04','RR/MM/DD'),to_date('19/11/04','RR/MM/DD'),'활성화',21);
Insert into JBGD.ITEM_OPTION (ITEM_OPTION_NO,ITEM_OPTION_NAME,ITEM_OPTION_PRICE,ITEM_OPTION_STOCK,ITEM_OPTION_SOLD_COUNT,ITEM_OPTION_CRE_DATE,ITEM_OPTION_MOD_DATE,ITEM_OPTION_STATE,ITEM_NO) values (44,'팥 추가',1000,11,0,to_date('19/11/04','RR/MM/DD'),to_date('19/11/04','RR/MM/DD'),'활성화',21);
Insert into JBGD.ITEM_OPTION (ITEM_OPTION_NO,ITEM_OPTION_NAME,ITEM_OPTION_PRICE,ITEM_OPTION_STOCK,ITEM_OPTION_SOLD_COUNT,ITEM_OPTION_CRE_DATE,ITEM_OPTION_MOD_DATE,ITEM_OPTION_STATE,ITEM_NO) values (45,'딸기맛',500,20,0,to_date('19/11/04','RR/MM/DD'),to_date('19/11/04','RR/MM/DD'),'활성화',22);
Insert into JBGD.ITEM_OPTION (ITEM_OPTION_NO,ITEM_OPTION_NAME,ITEM_OPTION_PRICE,ITEM_OPTION_STOCK,ITEM_OPTION_SOLD_COUNT,ITEM_OPTION_CRE_DATE,ITEM_OPTION_MOD_DATE,ITEM_OPTION_STATE,ITEM_NO) values (46,'바나나맛',500,20,0,to_date('19/11/04','RR/MM/DD'),to_date('19/11/04','RR/MM/DD'),'활성화',22);
Insert into JBGD.ITEM_OPTION (ITEM_OPTION_NO,ITEM_OPTION_NAME,ITEM_OPTION_PRICE,ITEM_OPTION_STOCK,ITEM_OPTION_SOLD_COUNT,ITEM_OPTION_CRE_DATE,ITEM_OPTION_MOD_DATE,ITEM_OPTION_STATE,ITEM_NO) values (47,'믹스맛',1000,100,0,to_date('19/11/04','RR/MM/DD'),to_date('19/11/04','RR/MM/DD'),'활성화',22);
Insert into JBGD.ITEM_OPTION (ITEM_OPTION_NO,ITEM_OPTION_NAME,ITEM_OPTION_PRICE,ITEM_OPTION_STOCK,ITEM_OPTION_SOLD_COUNT,ITEM_OPTION_CRE_DATE,ITEM_OPTION_MOD_DATE,ITEM_OPTION_STATE,ITEM_NO) values (48,'sugar powder',1500,200,0,to_date('19/11/04','RR/MM/DD'),to_date('19/11/04','RR/MM/DD'),'활성화',22);
Insert into JBGD.ITEM_OPTION (ITEM_OPTION_NO,ITEM_OPTION_NAME,ITEM_OPTION_PRICE,ITEM_OPTION_STOCK,ITEM_OPTION_SOLD_COUNT,ITEM_OPTION_CRE_DATE,ITEM_OPTION_MOD_DATE,ITEM_OPTION_STATE,ITEM_NO) values (49,'rollypop',100,100,0,to_date('19/11/04','RR/MM/DD'),to_date('19/11/04','RR/MM/DD'),'활성화',23);
Insert into JBGD.ITEM_OPTION (ITEM_OPTION_NO,ITEM_OPTION_NAME,ITEM_OPTION_PRICE,ITEM_OPTION_STOCK,ITEM_OPTION_SOLD_COUNT,ITEM_OPTION_CRE_DATE,ITEM_OPTION_MOD_DATE,ITEM_OPTION_STATE,ITEM_NO) values (50,'슈가 파우더',500,100,0,to_date('19/11/04','RR/MM/DD'),to_date('19/11/04','RR/MM/DD'),'활성화',23);
Insert into JBGD.ITEM_OPTION (ITEM_OPTION_NO,ITEM_OPTION_NAME,ITEM_OPTION_PRICE,ITEM_OPTION_STOCK,ITEM_OPTION_SOLD_COUNT,ITEM_OPTION_CRE_DATE,ITEM_OPTION_MOD_DATE,ITEM_OPTION_STATE,ITEM_NO) values (51,'Cane Candy',100,100,0,to_date('19/11/04','RR/MM/DD'),to_date('19/11/04','RR/MM/DD'),'활성화',23);
Insert into JBGD.ITEM_OPTION (ITEM_OPTION_NO,ITEM_OPTION_NAME,ITEM_OPTION_PRICE,ITEM_OPTION_STOCK,ITEM_OPTION_SOLD_COUNT,ITEM_OPTION_CRE_DATE,ITEM_OPTION_MOD_DATE,ITEM_OPTION_STATE,ITEM_NO) values (52,'Snow candy',0,1000,0,to_date('19/11/04','RR/MM/DD'),to_date('19/11/04','RR/MM/DD'),'활성화',23);
Insert into JBGD.ITEM_OPTION (ITEM_OPTION_NO,ITEM_OPTION_NAME,ITEM_OPTION_PRICE,ITEM_OPTION_STOCK,ITEM_OPTION_SOLD_COUNT,ITEM_OPTION_CRE_DATE,ITEM_OPTION_MOD_DATE,ITEM_OPTION_STATE,ITEM_NO) values (53,'Bean',500,100,0,to_date('19/11/04','RR/MM/DD'),to_date('19/11/04','RR/MM/DD'),'활성화',24);
Insert into JBGD.ITEM_OPTION (ITEM_OPTION_NO,ITEM_OPTION_NAME,ITEM_OPTION_PRICE,ITEM_OPTION_STOCK,ITEM_OPTION_SOLD_COUNT,ITEM_OPTION_CRE_DATE,ITEM_OPTION_MOD_DATE,ITEM_OPTION_STATE,ITEM_NO) values (54,'Snake',500,100,0,to_date('19/11/04','RR/MM/DD'),to_date('19/11/04','RR/MM/DD'),'활성화',24);
Insert into JBGD.ITEM_OPTION (ITEM_OPTION_NO,ITEM_OPTION_NAME,ITEM_OPTION_PRICE,ITEM_OPTION_STOCK,ITEM_OPTION_SOLD_COUNT,ITEM_OPTION_CRE_DATE,ITEM_OPTION_MOD_DATE,ITEM_OPTION_STATE,ITEM_NO) values (55,'Worm',500,100,0,to_date('19/11/04','RR/MM/DD'),to_date('19/11/04','RR/MM/DD'),'활성화',24);
Insert into JBGD.ITEM_OPTION (ITEM_OPTION_NO,ITEM_OPTION_NAME,ITEM_OPTION_PRICE,ITEM_OPTION_STOCK,ITEM_OPTION_SOLD_COUNT,ITEM_OPTION_CRE_DATE,ITEM_OPTION_MOD_DATE,ITEM_OPTION_STATE,ITEM_NO) values (56,'Haribo',500,100,0,to_date('19/11/04','RR/MM/DD'),to_date('19/11/04','RR/MM/DD'),'활성화',24);
Insert into JBGD.ITEM_OPTION (ITEM_OPTION_NO,ITEM_OPTION_NAME,ITEM_OPTION_PRICE,ITEM_OPTION_STOCK,ITEM_OPTION_SOLD_COUNT,ITEM_OPTION_CRE_DATE,ITEM_OPTION_MOD_DATE,ITEM_OPTION_STATE,ITEM_NO) values (57,'동그란 뻥튀기',100,100,0,to_date('19/11/04','RR/MM/DD'),to_date('19/11/04','RR/MM/DD'),'활성화',25);
Insert into JBGD.ITEM_OPTION (ITEM_OPTION_NO,ITEM_OPTION_NAME,ITEM_OPTION_PRICE,ITEM_OPTION_STOCK,ITEM_OPTION_SOLD_COUNT,ITEM_OPTION_CRE_DATE,ITEM_OPTION_MOD_DATE,ITEM_OPTION_STATE,ITEM_NO) values (58,'강냉이',500,200,0,to_date('19/11/04','RR/MM/DD'),to_date('19/11/04','RR/MM/DD'),'활성화',25);
Insert into JBGD.ITEM_OPTION (ITEM_OPTION_NO,ITEM_OPTION_NAME,ITEM_OPTION_PRICE,ITEM_OPTION_STOCK,ITEM_OPTION_SOLD_COUNT,ITEM_OPTION_CRE_DATE,ITEM_OPTION_MOD_DATE,ITEM_OPTION_STATE,ITEM_NO) values (59,'마카로니 뻥튀기',500,300,0,to_date('19/11/04','RR/MM/DD'),to_date('19/11/04','RR/MM/DD'),'활성화',25);
Insert into JBGD.ITEM_OPTION (ITEM_OPTION_NO,ITEM_OPTION_NAME,ITEM_OPTION_PRICE,ITEM_OPTION_STOCK,ITEM_OPTION_SOLD_COUNT,ITEM_OPTION_CRE_DATE,ITEM_OPTION_MOD_DATE,ITEM_OPTION_STATE,ITEM_NO) values (60,'떡으로 만든 뻥튀기',500,100,0,to_date('19/11/04','RR/MM/DD'),to_date('19/11/04','RR/MM/DD'),'활성화',25);
Insert into JBGD.ITEM_OPTION (ITEM_OPTION_NO,ITEM_OPTION_NAME,ITEM_OPTION_PRICE,ITEM_OPTION_STOCK,ITEM_OPTION_SOLD_COUNT,ITEM_OPTION_CRE_DATE,ITEM_OPTION_MOD_DATE,ITEM_OPTION_STATE,ITEM_NO) values (61,'딸기맛',500,100,0,to_date('19/11/04','RR/MM/DD'),to_date('19/11/04','RR/MM/DD'),'활성화',26);
Insert into JBGD.ITEM_OPTION (ITEM_OPTION_NO,ITEM_OPTION_NAME,ITEM_OPTION_PRICE,ITEM_OPTION_STOCK,ITEM_OPTION_SOLD_COUNT,ITEM_OPTION_CRE_DATE,ITEM_OPTION_MOD_DATE,ITEM_OPTION_STATE,ITEM_NO) values (62,'초코맛',500,100,0,to_date('19/11/04','RR/MM/DD'),to_date('19/11/04','RR/MM/DD'),'활성화',26);
Insert into JBGD.ITEM_OPTION (ITEM_OPTION_NO,ITEM_OPTION_NAME,ITEM_OPTION_PRICE,ITEM_OPTION_STOCK,ITEM_OPTION_SOLD_COUNT,ITEM_OPTION_CRE_DATE,ITEM_OPTION_MOD_DATE,ITEM_OPTION_STATE,ITEM_NO) values (63,'Crispy',500,200,0,to_date('19/11/04','RR/MM/DD'),to_date('19/11/04','RR/MM/DD'),'활성화',26);
Insert into JBGD.ITEM_OPTION (ITEM_OPTION_NO,ITEM_OPTION_NAME,ITEM_OPTION_PRICE,ITEM_OPTION_STOCK,ITEM_OPTION_SOLD_COUNT,ITEM_OPTION_CRE_DATE,ITEM_OPTION_MOD_DATE,ITEM_OPTION_STATE,ITEM_NO) values (64,'바나나 크림',500,150,0,to_date('19/11/04','RR/MM/DD'),to_date('19/11/04','RR/MM/DD'),'활성화',26);
Insert into JBGD.ITEM_OPTION (ITEM_OPTION_NO,ITEM_OPTION_NAME,ITEM_OPTION_PRICE,ITEM_OPTION_STOCK,ITEM_OPTION_SOLD_COUNT,ITEM_OPTION_CRE_DATE,ITEM_OPTION_MOD_DATE,ITEM_OPTION_STATE,ITEM_NO) values (65,'생크림 케이크',0,20,0,to_date('19/11/04','RR/MM/DD'),to_date('19/11/04','RR/MM/DD'),'활성화',27);
Insert into JBGD.ITEM_OPTION (ITEM_OPTION_NO,ITEM_OPTION_NAME,ITEM_OPTION_PRICE,ITEM_OPTION_STOCK,ITEM_OPTION_SOLD_COUNT,ITEM_OPTION_CRE_DATE,ITEM_OPTION_MOD_DATE,ITEM_OPTION_STATE,ITEM_NO) values (66,'초콜릿 토핑',7500,11,0,to_date('19/11/04','RR/MM/DD'),to_date('19/11/04','RR/MM/DD'),'활성화',27);
Insert into JBGD.ITEM_OPTION (ITEM_OPTION_NO,ITEM_OPTION_NAME,ITEM_OPTION_PRICE,ITEM_OPTION_STOCK,ITEM_OPTION_SOLD_COUNT,ITEM_OPTION_CRE_DATE,ITEM_OPTION_MOD_DATE,ITEM_OPTION_STATE,ITEM_NO) values (67,'후르츠 케이크',5000,12,0,to_date('19/11/04','RR/MM/DD'),to_date('19/11/04','RR/MM/DD'),'활성화',27);
Insert into JBGD.ITEM_OPTION (ITEM_OPTION_NO,ITEM_OPTION_NAME,ITEM_OPTION_PRICE,ITEM_OPTION_STOCK,ITEM_OPTION_SOLD_COUNT,ITEM_OPTION_CRE_DATE,ITEM_OPTION_MOD_DATE,ITEM_OPTION_STATE,ITEM_NO) values (69,'녹차맛',2570,3,0,to_date('19/11/04','RR/MM/DD'),to_date('19/11/04','RR/MM/DD'),'활성화',27);
Insert into JBGD.ITEM_OPTION (ITEM_OPTION_NO,ITEM_OPTION_NAME,ITEM_OPTION_PRICE,ITEM_OPTION_STOCK,ITEM_OPTION_SOLD_COUNT,ITEM_OPTION_CRE_DATE,ITEM_OPTION_MOD_DATE,ITEM_OPTION_STATE,ITEM_NO) values (70,'딸기 토핑',5000,1,0,to_date('19/11/04','RR/MM/DD'),to_date('19/11/04','RR/MM/DD'),'활성화',27);
Insert into JBGD.ITEM_OPTION (ITEM_OPTION_NO,ITEM_OPTION_NAME,ITEM_OPTION_PRICE,ITEM_OPTION_STOCK,ITEM_OPTION_SOLD_COUNT,ITEM_OPTION_CRE_DATE,ITEM_OPTION_MOD_DATE,ITEM_OPTION_STATE,ITEM_NO) values (71,'chocolate',1000,37,0,to_date('19/11/04','RR/MM/DD'),to_date('19/11/04','RR/MM/DD'),'활성화',28);
Insert into JBGD.ITEM_OPTION (ITEM_OPTION_NO,ITEM_OPTION_NAME,ITEM_OPTION_PRICE,ITEM_OPTION_STOCK,ITEM_OPTION_SOLD_COUNT,ITEM_OPTION_CRE_DATE,ITEM_OPTION_MOD_DATE,ITEM_OPTION_STATE,ITEM_NO) values (72,'strawberry',1000,26,0,to_date('19/11/04','RR/MM/DD'),to_date('19/11/04','RR/MM/DD'),'활성화',28);
Insert into JBGD.ITEM_OPTION (ITEM_OPTION_NO,ITEM_OPTION_NAME,ITEM_OPTION_PRICE,ITEM_OPTION_STOCK,ITEM_OPTION_SOLD_COUNT,ITEM_OPTION_CRE_DATE,ITEM_OPTION_MOD_DATE,ITEM_OPTION_STATE,ITEM_NO) values (73,'RawStrawberry on the top',1500,12,0,to_date('19/11/04','RR/MM/DD'),to_date('19/11/04','RR/MM/DD'),'활성화',28);
Insert into JBGD.ITEM_OPTION (ITEM_OPTION_NO,ITEM_OPTION_NAME,ITEM_OPTION_PRICE,ITEM_OPTION_STOCK,ITEM_OPTION_SOLD_COUNT,ITEM_OPTION_CRE_DATE,ITEM_OPTION_MOD_DATE,ITEM_OPTION_STATE,ITEM_NO) values (75,'Blueberry 컵케잌',1500,2,0,to_date('19/11/04','RR/MM/DD'),to_date('19/11/04','RR/MM/DD'),'활성화',28);
Insert into JBGD.ITEM_OPTION (ITEM_OPTION_NO,ITEM_OPTION_NAME,ITEM_OPTION_PRICE,ITEM_OPTION_STOCK,ITEM_OPTION_SOLD_COUNT,ITEM_OPTION_CRE_DATE,ITEM_OPTION_MOD_DATE,ITEM_OPTION_STATE,ITEM_NO) values (76,'Halloween(호박맛) 기간 한정',2500,11,0,to_date('19/11/04','RR/MM/DD'),to_date('19/11/04','RR/MM/DD'),'활성화',28);
Insert into JBGD.ITEM_OPTION (ITEM_OPTION_NO,ITEM_OPTION_NAME,ITEM_OPTION_PRICE,ITEM_OPTION_STOCK,ITEM_OPTION_SOLD_COUNT,ITEM_OPTION_CRE_DATE,ITEM_OPTION_MOD_DATE,ITEM_OPTION_STATE,ITEM_NO) values (77,'카스타드 푸딩',0,152,0,to_date('19/11/04','RR/MM/DD'),to_date('19/11/04','RR/MM/DD'),'활성화',29);
Insert into JBGD.ITEM_OPTION (ITEM_OPTION_NO,ITEM_OPTION_NAME,ITEM_OPTION_PRICE,ITEM_OPTION_STOCK,ITEM_OPTION_SOLD_COUNT,ITEM_OPTION_CRE_DATE,ITEM_OPTION_MOD_DATE,ITEM_OPTION_STATE,ITEM_NO) values (78,'녹차맛 푸딩',1500,15,0,to_date('19/11/04','RR/MM/DD'),to_date('19/11/04','RR/MM/DD'),'활성화',29);
Insert into JBGD.ITEM_OPTION (ITEM_OPTION_NO,ITEM_OPTION_NAME,ITEM_OPTION_PRICE,ITEM_OPTION_STOCK,ITEM_OPTION_SOLD_COUNT,ITEM_OPTION_CRE_DATE,ITEM_OPTION_MOD_DATE,ITEM_OPTION_STATE,ITEM_NO) values (79,'누텔라 푸딩',2500,11,0,to_date('19/11/04','RR/MM/DD'),to_date('19/11/04','RR/MM/DD'),'활성화',29);
Insert into JBGD.ITEM_OPTION (ITEM_OPTION_NO,ITEM_OPTION_NAME,ITEM_OPTION_PRICE,ITEM_OPTION_STOCK,ITEM_OPTION_SOLD_COUNT,ITEM_OPTION_CRE_DATE,ITEM_OPTION_MOD_DATE,ITEM_OPTION_STATE,ITEM_NO) values (80,'양동이 푸딩',2000,5,0,to_date('19/11/04','RR/MM/DD'),to_date('19/11/04','RR/MM/DD'),'활성화',29);
Insert into JBGD.ITEM_OPTION (ITEM_OPTION_NO,ITEM_OPTION_NAME,ITEM_OPTION_PRICE,ITEM_OPTION_STOCK,ITEM_OPTION_SOLD_COUNT,ITEM_OPTION_CRE_DATE,ITEM_OPTION_MOD_DATE,ITEM_OPTION_STATE,ITEM_NO) values (81,'생 블루베리 토핑',500,120,0,to_date('19/11/04','RR/MM/DD'),to_date('19/11/04','RR/MM/DD'),'활성화',29);
Insert into JBGD.ITEM_OPTION (ITEM_OPTION_NO,ITEM_OPTION_NAME,ITEM_OPTION_PRICE,ITEM_OPTION_STOCK,ITEM_OPTION_SOLD_COUNT,ITEM_OPTION_CRE_DATE,ITEM_OPTION_MOD_DATE,ITEM_OPTION_STATE,ITEM_NO) values (82,'생 딸기 토핑',500,110,0,to_date('19/11/04','RR/MM/DD'),to_date('19/11/04','RR/MM/DD'),'활성화',29);
Insert into JBGD.ITEM_OPTION (ITEM_OPTION_NO,ITEM_OPTION_NAME,ITEM_OPTION_PRICE,ITEM_OPTION_STOCK,ITEM_OPTION_SOLD_COUNT,ITEM_OPTION_CRE_DATE,ITEM_OPTION_MOD_DATE,ITEM_OPTION_STATE,ITEM_NO) values (83,'후르츠 푸딩',2500,16,0,to_date('19/11/04','RR/MM/DD'),to_date('19/11/04','RR/MM/DD'),'활성화',29);
Insert into JBGD.ITEM_OPTION (ITEM_OPTION_NO,ITEM_OPTION_NAME,ITEM_OPTION_PRICE,ITEM_OPTION_STOCK,ITEM_OPTION_SOLD_COUNT,ITEM_OPTION_CRE_DATE,ITEM_OPTION_MOD_DATE,ITEM_OPTION_STATE,ITEM_NO) values (84,'동그리 Strawberry',500,120,0,to_date('19/11/04','RR/MM/DD'),to_date('19/11/04','RR/MM/DD'),'활성화',30);
Insert into JBGD.ITEM_OPTION (ITEM_OPTION_NO,ITEM_OPTION_NAME,ITEM_OPTION_PRICE,ITEM_OPTION_STOCK,ITEM_OPTION_SOLD_COUNT,ITEM_OPTION_CRE_DATE,ITEM_OPTION_MOD_DATE,ITEM_OPTION_STATE,ITEM_NO) values (85,'동그리 Choco',500,100,0,to_date('19/11/04','RR/MM/DD'),to_date('19/11/04','RR/MM/DD'),'활성화',30);
Insert into JBGD.ITEM_OPTION (ITEM_OPTION_NO,ITEM_OPTION_NAME,ITEM_OPTION_PRICE,ITEM_OPTION_STOCK,ITEM_OPTION_SOLD_COUNT,ITEM_OPTION_CRE_DATE,ITEM_OPTION_MOD_DATE,ITEM_OPTION_STATE,ITEM_NO) values (86,'동그리 Banila',500,100,0,to_date('19/11/04','RR/MM/DD'),to_date('19/11/04','RR/MM/DD'),'활성화',30);
Insert into JBGD.ITEM_OPTION (ITEM_OPTION_NO,ITEM_OPTION_NAME,ITEM_OPTION_PRICE,ITEM_OPTION_STOCK,ITEM_OPTION_SOLD_COUNT,ITEM_OPTION_CRE_DATE,ITEM_OPTION_MOD_DATE,ITEM_OPTION_STATE,ITEM_NO) values (87,'동그리 Green Tea',500,200,0,to_date('19/11/04','RR/MM/DD'),to_date('19/11/04','RR/MM/DD'),'활성화',30);
Insert into JBGD.ITEM_OPTION (ITEM_OPTION_NO,ITEM_OPTION_NAME,ITEM_OPTION_PRICE,ITEM_OPTION_STOCK,ITEM_OPTION_SOLD_COUNT,ITEM_OPTION_CRE_DATE,ITEM_OPTION_MOD_DATE,ITEM_OPTION_STATE,ITEM_NO) values (88,'RainBow',1500,26,0,to_date('19/11/04','RR/MM/DD'),to_date('19/11/04','RR/MM/DD'),'활성화',30);
Insert into JBGD.ITEM_OPTION (ITEM_OPTION_NO,ITEM_OPTION_NAME,ITEM_OPTION_PRICE,ITEM_OPTION_STOCK,ITEM_OPTION_SOLD_COUNT,ITEM_OPTION_CRE_DATE,ITEM_OPTION_MOD_DATE,ITEM_OPTION_STATE,ITEM_NO) values (89,'Shooting Star',1500,11,0,to_date('19/11/04','RR/MM/DD'),to_date('19/11/04','RR/MM/DD'),'활성화',30);
Insert into JBGD.ITEM_OPTION (ITEM_OPTION_NO,ITEM_OPTION_NAME,ITEM_OPTION_PRICE,ITEM_OPTION_STOCK,ITEM_OPTION_SOLD_COUNT,ITEM_OPTION_CRE_DATE,ITEM_OPTION_MOD_DATE,ITEM_OPTION_STATE,ITEM_NO) values (90,'with Waffle',4000,100,0,to_date('19/11/04','RR/MM/DD'),to_date('19/11/04','RR/MM/DD'),'활성화',30);
Insert into JBGD.ITEM_OPTION (ITEM_OPTION_NO,ITEM_OPTION_NAME,ITEM_OPTION_PRICE,ITEM_OPTION_STOCK,ITEM_OPTION_SOLD_COUNT,ITEM_OPTION_CRE_DATE,ITEM_OPTION_MOD_DATE,ITEM_OPTION_STATE,ITEM_NO) values (91,'with Carp Bread',3000,11,0,to_date('19/11/04','RR/MM/DD'),to_date('19/11/04','RR/MM/DD'),'활성화',30);
Insert into JBGD.ITEM_OPTION (ITEM_OPTION_NO,ITEM_OPTION_NAME,ITEM_OPTION_PRICE,ITEM_OPTION_STOCK,ITEM_OPTION_SOLD_COUNT,ITEM_OPTION_CRE_DATE,ITEM_OPTION_MOD_DATE,ITEM_OPTION_STATE,ITEM_NO) values (92,'with bar',150,122,0,to_date('19/11/04','RR/MM/DD'),to_date('19/11/04','RR/MM/DD'),'활성화',30);
Insert into JBGD.ITEM_OPTION (ITEM_OPTION_NO,ITEM_OPTION_NAME,ITEM_OPTION_PRICE,ITEM_OPTION_STOCK,ITEM_OPTION_SOLD_COUNT,ITEM_OPTION_CRE_DATE,ITEM_OPTION_MOD_DATE,ITEM_OPTION_STATE,ITEM_NO) values (93,'소프트 Strawberry',1000,100,0,to_date('19/11/04','RR/MM/DD'),to_date('19/11/04','RR/MM/DD'),'활성화',30);
Insert into JBGD.ITEM_OPTION (ITEM_OPTION_NO,ITEM_OPTION_NAME,ITEM_OPTION_PRICE,ITEM_OPTION_STOCK,ITEM_OPTION_SOLD_COUNT,ITEM_OPTION_CRE_DATE,ITEM_OPTION_MOD_DATE,ITEM_OPTION_STATE,ITEM_NO) values (94,'소프트 Choco',1000,97,0,to_date('19/11/04','RR/MM/DD'),to_date('19/11/04','RR/MM/DD'),'활성화',30);
Insert into JBGD.ITEM_OPTION (ITEM_OPTION_NO,ITEM_OPTION_NAME,ITEM_OPTION_PRICE,ITEM_OPTION_STOCK,ITEM_OPTION_SOLD_COUNT,ITEM_OPTION_CRE_DATE,ITEM_OPTION_MOD_DATE,ITEM_OPTION_STATE,ITEM_NO) values (95,'소프트 Basic(Banila)',1000,66,0,to_date('19/11/04','RR/MM/DD'),to_date('19/11/04','RR/MM/DD'),'활성화',30);
Insert into JBGD.ITEM_OPTION (ITEM_OPTION_NO,ITEM_OPTION_NAME,ITEM_OPTION_PRICE,ITEM_OPTION_STOCK,ITEM_OPTION_SOLD_COUNT,ITEM_OPTION_CRE_DATE,ITEM_OPTION_MOD_DATE,ITEM_OPTION_STATE,ITEM_NO) values (96,'네모 모양 약과',0,200,0,to_date('19/11/04','RR/MM/DD'),to_date('19/11/04','RR/MM/DD'),'활성화',31);
Insert into JBGD.ITEM_OPTION (ITEM_OPTION_NO,ITEM_OPTION_NAME,ITEM_OPTION_PRICE,ITEM_OPTION_STOCK,ITEM_OPTION_SOLD_COUNT,ITEM_OPTION_CRE_DATE,ITEM_OPTION_MOD_DATE,ITEM_OPTION_STATE,ITEM_NO) values (97,'동그리 모양 약과',0,2000,0,to_date('19/11/04','RR/MM/DD'),to_date('19/11/04','RR/MM/DD'),'활성화',31);
Insert into JBGD.ITEM_OPTION (ITEM_OPTION_NO,ITEM_OPTION_NAME,ITEM_OPTION_PRICE,ITEM_OPTION_STOCK,ITEM_OPTION_SOLD_COUNT,ITEM_OPTION_CRE_DATE,ITEM_OPTION_MOD_DATE,ITEM_OPTION_STATE,ITEM_NO) values (98,'별모양 약과',0,200,0,to_date('19/11/04','RR/MM/DD'),to_date('19/11/04','RR/MM/DD'),'활성화',31);
Insert into JBGD.ITEM_OPTION (ITEM_OPTION_NO,ITEM_OPTION_NAME,ITEM_OPTION_PRICE,ITEM_OPTION_STOCK,ITEM_OPTION_SOLD_COUNT,ITEM_OPTION_CRE_DATE,ITEM_OPTION_MOD_DATE,ITEM_OPTION_STATE,ITEM_NO) values (99,'Red Bean(팥)',500,120,0,to_date('19/11/04','RR/MM/DD'),to_date('19/11/04','RR/MM/DD'),'활성화',32);
Insert into JBGD.ITEM_OPTION (ITEM_OPTION_NO,ITEM_OPTION_NAME,ITEM_OPTION_PRICE,ITEM_OPTION_STOCK,ITEM_OPTION_SOLD_COUNT,ITEM_OPTION_CRE_DATE,ITEM_OPTION_MOD_DATE,ITEM_OPTION_STATE,ITEM_NO) values (100,'Cream (크림)',500,103,0,to_date('19/11/04','RR/MM/DD'),to_date('19/11/04','RR/MM/DD'),'활성화',32);
Insert into JBGD.ITEM_OPTION (ITEM_OPTION_NO,ITEM_OPTION_NAME,ITEM_OPTION_PRICE,ITEM_OPTION_STOCK,ITEM_OPTION_SOLD_COUNT,ITEM_OPTION_CRE_DATE,ITEM_OPTION_MOD_DATE,ITEM_OPTION_STATE,ITEM_NO) values (101,'Handsome Fish Bread',0,111,0,to_date('19/11/04','RR/MM/DD'),to_date('19/11/04','RR/MM/DD'),'활성화',32);
Insert into JBGD.ITEM_OPTION (ITEM_OPTION_NO,ITEM_OPTION_NAME,ITEM_OPTION_PRICE,ITEM_OPTION_STOCK,ITEM_OPTION_SOLD_COUNT,ITEM_OPTION_CRE_DATE,ITEM_OPTION_MOD_DATE,ITEM_OPTION_STATE,ITEM_NO) values (102,'with Tangerine(귤)',500,111,0,to_date('19/11/04','RR/MM/DD'),to_date('19/11/04','RR/MM/DD'),'활성화',33);
Insert into JBGD.ITEM_OPTION (ITEM_OPTION_NO,ITEM_OPTION_NAME,ITEM_OPTION_PRICE,ITEM_OPTION_STOCK,ITEM_OPTION_SOLD_COUNT,ITEM_OPTION_CRE_DATE,ITEM_OPTION_MOD_DATE,ITEM_OPTION_STATE,ITEM_NO) values (103,'with Grape(포도)',500,111,0,to_date('19/11/04','RR/MM/DD'),to_date('19/11/04','RR/MM/DD'),'활성화',33);
Insert into JBGD.ITEM_OPTION (ITEM_OPTION_NO,ITEM_OPTION_NAME,ITEM_OPTION_PRICE,ITEM_OPTION_STOCK,ITEM_OPTION_SOLD_COUNT,ITEM_OPTION_CRE_DATE,ITEM_OPTION_MOD_DATE,ITEM_OPTION_STATE,ITEM_NO) values (104,'with Apple(사과)',1000,111,0,to_date('19/11/04','RR/MM/DD'),to_date('19/11/04','RR/MM/DD'),'활성화',33);
Insert into JBGD.ITEM_OPTION (ITEM_OPTION_NO,ITEM_OPTION_NAME,ITEM_OPTION_PRICE,ITEM_OPTION_STOCK,ITEM_OPTION_SOLD_COUNT,ITEM_OPTION_CRE_DATE,ITEM_OPTION_MOD_DATE,ITEM_OPTION_STATE,ITEM_NO) values (105,'with Mix(믹스)',1500,200,0,to_date('19/11/04','RR/MM/DD'),to_date('19/11/04','RR/MM/DD'),'활성화',33);
Insert into JBGD.ITEM_OPTION (ITEM_OPTION_NO,ITEM_OPTION_NAME,ITEM_OPTION_PRICE,ITEM_OPTION_STOCK,ITEM_OPTION_SOLD_COUNT,ITEM_OPTION_CRE_DATE,ITEM_OPTION_MOD_DATE,ITEM_OPTION_STATE,ITEM_NO) values (106,'with Plum(자두)',500,111,0,to_date('19/11/04','RR/MM/DD'),to_date('19/11/04','RR/MM/DD'),'활성화',33);
Insert into JBGD.ITEM_OPTION (ITEM_OPTION_NO,ITEM_OPTION_NAME,ITEM_OPTION_PRICE,ITEM_OPTION_STOCK,ITEM_OPTION_SOLD_COUNT,ITEM_OPTION_CRE_DATE,ITEM_OPTION_MOD_DATE,ITEM_OPTION_STATE,ITEM_NO) values (107,'with Kiwi(키위)',500,111,0,to_date('19/11/04','RR/MM/DD'),to_date('19/11/04','RR/MM/DD'),'활성화',33);
Insert into JBGD.ITEM_OPTION (ITEM_OPTION_NO,ITEM_OPTION_NAME,ITEM_OPTION_PRICE,ITEM_OPTION_STOCK,ITEM_OPTION_SOLD_COUNT,ITEM_OPTION_CRE_DATE,ITEM_OPTION_MOD_DATE,ITEM_OPTION_STATE,ITEM_NO) values (108,'with GoldenKiwi(골든쿠위)',600,121,0,to_date('19/11/04','RR/MM/DD'),to_date('19/11/04','RR/MM/DD'),'활성화',33);
